0.00241399850478062,0.03,0.0393927156118808,0.119401024152958,0.000871017267198293,0.000799382473417649,0.877640843391418,0.31802365618245,0.35,0.0000000000126297603119612,0.000302958448636255
0.000641664250335561,0,0.0295683282150382,0.0417996620006545,0.0011490158517794,0.000801225869576931,0.00520983034250688,0,0.05,0.00000000000000000296095839186893,0.000105218611998126
0.0257319396804128,0.0473333333333333,0.068420540026147,0.137985912937367,0.000630472403013949,0.00156060030395807,0.877640843391418,1,0.5,0.000000000660582013796243,0.0414798689639603
0.000139956209171625,0.00266666666666667,0.0283020199066479,0.077004603806616,0.00273970443425731,0.00079936050288544,0.00520983034250688,0,0.025,0.000000000000000029192021909081,0.0000906347160724492
0.00389480790524184,0.068,0.065228819086812,0.386016474476459,0.62074107355303,0.000799363678210052,0.00520983034250688,0,0.5,0.0000000222236289296065,0.0100579542214387
0.00230305908853871,0,0.0307247488242643,0.0523121726245618,0.000902620331913018,0.000802501088505208,0.00520983034250688,0,0.05,0.00000000000000105966531672623,0.00167872602151959
0.190103304896248,0.304,0.143749982350839,0.439912041879486,0.478132575296231,0.000799359904858713,0.877640843391418,1,0.625,0.99999232749561,0.0302023059750509
0.637615333322073,0.506,0.654869536057868,0.526616484315042,0.758127034579131,0.999983293199386,0.996020840435493,1,0.85,0.00107255911289159,0.470549419714555
0.0229077181187302,0.0186666666666667,0.0378970060790323,0.0947235628746009,0.00238216910949829,0.99784144125183,0.00520983034250688,0,0.375,0.0000000000460297641378735,0.134781481661735
0.0143507870494833,0.000666666666666667,0.0332409154576226,0.0597691188608627,0.0050768718290326,0.190447794735101,0.00520983034250688,0,0.15,0.0000000000000158928559819512,0.00663208999641178
0.00106526893334235,0.00533333333333333,0.0308113751811666,0.0395164115283992,0.000935345042290758,0.000805720126140834,0.00520983034250688,0,0.025,0.000000000000000289423727825503,0.0000673625704652469
0.00176355194446259,0.0106666666666667,0.0340478727308582,0.0510283770722901,0.00160005105245231,0.000805063884473162,0.0176056335712301,0,0,0.00000000000000146824095538251,0.000711990885737121
0.00000689077657648581,0.002,0.0282340647144648,0.0459114330937939,0.000797644322538926,0.000799358580335247,0.00520983034250688,0,0,0.000000000000000000365742084440499,0.000000639754576135084
0.0129069835340936,0.0273333333333333,0.0354774821000748,0.0940772270250114,0.00204039361249009,0.00187895059275922,0.00520983034250688,0,0.225,0.00000000140661572560421,0.0188834200428521
0.0323189225667115,0.199333333333333,0.19587207154754,0.194452009718458,0.198678737286702,0.999873606396961,0.902112674713135,1,0.25,0.0000000000471765445858923,0.0180578727512564
0.000560396335750982,0.0406666666666667,0.0562187676635694,0.0493350101535884,0.00115741485770759,0.00080313623584905,0.00520983034250688,0,0.05,0.000000000000000244943571540922,0.0000294342634638143
0.999999433571844,1,0.97406128564159,0.934558596904919,0.996038389472149,0.999983293827377,0.996020840435493,1,1,1,0.999988352486358
0.00798248856436099,0.000666666666666667,0.0270665239412341,0.0662119312061396,0.000146879333352445,0.000821626328134426,0.00520983034250688,0,0.275,0.00000000000232044920722798,0.000572490684046714
0.99999780846466,1,0.971201217524251,0.905920631324345,0.994943220512663,0.999983293827377,0.996020840435493,1,1,1,0.999989960644646
0.00072753914857911,0.002,0.030785056816014,0.0387665848338037,0.00044043491314838,0.000804345996709834,0.00520983034250688,0,0.05,0.00000000000000101895723751465,0.00010835690995342
0.00144402375421876,0,0.0272466812292448,0.0323884514534184,0.000091123700208362,0.000801600289136806,0.00520983034250688,0,0.05,0.000000000000000255130638836264,0.000233320369973637
0.00627615205764346,0.0226666666666667,0.0780108736063205,0.103969407684459,0.00195212426457725,0.000908738794484356,0.00520983034250688,0,0.2,0.00000000000000368942056461994,0.00160748442336068
0.00112029479578171,0.006,0.0355880775344969,0.0669489474983946,0.0243509663290603,0.000900748104257061,0.0176056335712301,0,0.1,0.0000000000000000921966249695778,0.000688199923361051
0.00000571011436808708,0,0.0291111148977439,0.0563024140545576,0.00785027257582138,0.000799358580448082,0.00520983034250688,0,0,0.000000000000000000320369365107345,0.00000249051062327848
0.000236819489764912,0.0226666666666667,0.0414447447159515,0.102282619637002,0.0111170979047268,0.000799376706630215,0.0176056335712301,0,0.05,0.0000000000000000215164185629645,0.0000777962162071693
0.00105893609415061,0.0173333333333333,0.0402750537201308,0.0714023578878024,0.00372565817697257,0.000804304706831387,0.0176056335712301,0,0.05,0.00000000000000026397372050193,0.000540073504399135
0.00351829110204983,0.000666666666666667,0.0347912507909678,0.0489740487123642,0.00233662129709566,0.000912474087237559,0.00520983034250688,0,0.1,0.00000000000000217112041680362,0.00239207987863859
0.0158554848572095,0.169333333333333,0.130622863977245,0.125750841564439,0.0218193871006227,0.275187190487327,0.0176056335712301,0,0.225,0.00000000000454893625147947,0.00920604000429761
0.00309804260329272,0.0126666666666667,0.0284683736634362,0.0455312593321356,0.000133718300124874,0.000808320445809439,0.0176056335712301,0,0.1,0.0000000000000574433524444017,0.00218647824826192
0.0000523321094432416,0.002,0.0286724774055217,0.0541714998639119,0.00421878849784019,0.000799358749266278,0.00520983034250688,0,0,0.00000000000000000581695398954021,0.0000254233431238414
0.0000355447133742433,0.0233333333333333,0.031698095732566,0.361268728178923,0.550817930417736,0.0007993587887306,0.00520983034250688,0,0.05,0.0000000000000367527518652688,0.00000204636770652913
0.000305507723710613,0.00266666666666667,0.0324633626535928,0.0766431082534522,0.0101857130427601,0.000799702775111088,0.00520983034250688,0,0.05,0.00000000000000000581675953611987,0.0000527761174510908
0.0000640153724263488,0.00933333333333333,0.0298807640671601,0.0507091731973774,0.00268847427123209,0.000799361066467209,0.00520983034250688,0,0,0.000000000000000000244398394024866,0.00000836938798124813
0.998742492964165,0.998,0.972697242560836,0.951810085061843,0.99990632710607,0.999983293827377,0.996020840435493,1,1,1,0.986254313273927
0.00278537426221499,0.164666666666667,0.111560998873086,0.343457996570031,0.107483073055757,0.000799359396198129,0.00520983034250688,0,0.525,0.110121112131736,0.0000114559836919995
0.000138543879793375,0.00733333333333333,0.0313871081375617,0.0877664004205647,0.00178421832899389,0.000799358686627217,0.00520983034250688,0,0,0.0000000000000000294489724044899,0.0000444092887162593
0.00187771676560171,0.00666666666666667,0.0283174808175763,0.0570988393456299,0.0000557153272812139,0.000799435195076098,0.00520983034250688,0,0.3,0.00000000000132150747001693,0.00163261302438736
0.998363962009341,0.922,0.923915422459507,0.896657185164714,0.993577117154512,0.999983293827377,0.902112674713135,1,1,1,0.971415168167494
0.0227562744601266,0.0453333333333333,0.0606020698203432,0.114661987522836,0.0119439317524391,0.997589614389209,0.0176056335712301,0,0.3,0.0000000000160317329532597,0.0124703481658237
0.999999906079218,0.998666666666667,0.973504657912795,0.829366584985177,0.978259383906878,0.999983293827377,0.996020840435493,1,1,1,0.999999959046572
0.00334076542709493,0,0.0304178815491582,0.0449656428023465,0.00304201128532633,0.00113437849139862,0.00520983034250688,0,0.075,0.000000000000000292518076973674,0.00119185001138875
0.00555712435448947,0.00133333333333333,0.0300586352761298,0.0446956069183039,0.00227527075562151,0.0301184317048376,0.00520983034250688,0,0.075,0.00000000000000240800164404916,0.000474476435710894
0.00414414860540058,0.0306666666666667,0.0462286656376854,0.0705076626422685,0.00309309317796946,0.000993981380731838,0.0176056335712301,0,0.05,0.0000000000000973287827642174,0.00345814712324164
0.000416733324798504,0.00133333333333333,0.0307699572779571,0.0568916676934015,0.00404736012758367,0.000799687568725657,0.00520983034250688,0,0.05,0.000000000000000000889392157512327,0.000175619420384729
0.997672115539669,0.999333333333333,0.973152101842633,0.955319647162553,0.999966109991886,0.999983293827377,0.996020840435493,1,1,1,0.997109817566034
0.912173721431015,0.89,0.90296498002304,0.727361801333781,0.980147547299823,0.999983293666633,0.996020840435493,0.5,0.925,0.999999999999312,0.862994223499537
0.965761627378551,0.952666666666667,0.927576224056209,0.867822612313323,0.994815273780616,0.999983293825896,0.996020840435493,1,0.975,0.99999999999655,0.939663284831901
0.0809565240187258,0.0353333333333333,0.0453436689750589,0.209656194828799,0.00401508979722653,0.999966996053496,0.0176056335712301,0,0.675,0.0000000282474723362298,0.0354978817890218
0.00289762157935554,0.002,0.0349336094877903,0.0992368851892903,0.0280001661365814,0.0012414960879618,0.00520983034250688,0,0.05,0.000000000000000450006368589831,0.00037500511312063
0.000300078576691225,0,0.0284073446646272,0.0338815323158226,0.00360032788075304,0.000799665885746965,0.00520983034250688,0,0,0.000000000000000000301342385354355,0.000133428452658493
0.00341690021890716,0.002,0.0327469526539118,0.0500122957242666,0.00304413762236067,0.0010973446455275,0.00520983034250688,0,0.125,0.00000000000000011190668340988,0.00234767580698878
0.999912241593595,0.995333333333333,0.971632801344432,0.942405331122121,0.999683398526853,0.999983293827377,0.996020840435493,1,1,1,0.99994351377545
0.000486004210520151,0.008,0.027067802573371,0.0569228688820324,0.00114087194642398,0.000799463232870112,0.00520983034250688,0,0.175,0.0000000000000396933540127944,0.000243793123678792
0.999997556103927,0.999333333333333,0.97292215520856,0.968239501928736,0.999840723253099,0.999983293827377,0.996020840435493,1,1,1,0.999905431641498
0.00183088888310183,0,0.0293733688598268,0.0371403122491539,0.000337595100054933,0.0008176009277466,0.00520983034250688,0,0.075,0.000000000000000400355400128746,0.000214811556411263
0.999999997758581,1,0.971540856213009,0.83383029659419,0.980276009959176,0.999983293827377,0.996020840435493,1,1,1,0.999963039001912
0.475465640228392,0.729333333333333,0.635580004411825,0.466687919967957,0.272173388497881,0.999983275603487,0.996020840435493,1,0.85,0.0263357489372392,0.252259016666069
0.000532266397256355,0.034,0.0392818666722634,0.0758903263983128,0.000268951948244833,0.00079965053590296,0.00520983034250688,0,0.325,0.00000000000810819384532038,0.0000431270473824797
0.00300236273440548,0.01,0.0332275617262339,0.0523532454454742,0.000301942549804313,0.000837418423641656,0.00520983034250688,0,0.25,0.000000000000901066675037764,0.00282398528020195
0.999986598829468,0.996,0.969310302302402,0.914317335767849,0.997928858097329,0.999983293827377,0.996020840435493,1,1,1,0.999994025386106
0.00666979177189674,0,0.0355687804035521,0.0521745473306846,0.00126203210836195,0.964989512568292,0.00520983034250688,0,0.075,0.000000000000016444567194803,0.00878174196343474
0.000131642665729093,0.000666666666666667,0.0261728154774647,0.120540950890994,0.0149989980885353,0.000799358608575095,0.00520983034250688,0,0.075,0.00000000000000016974394610609,0.000154612437046
0.0101434882758943,0.00133333333333333,0.0318512407708779,0.051432426731188,0.00384607388224145,0.252320721847128,0.00520983034250688,0,0.175,0.000000000000000198846517081653,0.00768334626683258
0.269533517437575,0.434666666666667,0.43271073668062,0.243396863532565,0.064653128499327,0.999982928088741,0.0638204216957092,0,0.55,0.00000309791750074017,0.681893500013995
0.00277771777225003,0,0.0336002161977166,0.0444196954986908,0.00306570586837407,0.00258305476006028,0.00520983034250688,0,0.075,0.000000000000000412192425235587,0.00363246114671717
0.0014297575058659,0.006,0.0316243916171418,0.0684946955626787,0.00136185999596916,0.000820227426383248,0.00520983034250688,0,0.1,0.0000000000000312486570887212,0.0000160243720339516
0.000942289806298481,0,0.0292669146249446,0.0451825691669986,0.00198627876784885,0.000801705243761638,0.00520983034250688,0,0.025,0.00000000000000000293425547133171,0.00104244692526666
0.995077112424811,0.986,0.965653668685934,0.744117413523619,0.968595658152124,0.999983293726964,0.996020840435493,1,0.975,1,0.984263806516386
0.999999999814022,1,0.957547688937422,0.692030439464833,0.954731000062611,0.999983293827377,0.996020840435493,1,1,1,0.999979091172257
0.999360191536211,0.987333333333333,0.970282052143367,0.90897452237333,0.999737142149148,0.999983293827377,0.996020840435493,1,1,0.999999999999999,0.999904965736968
0.000093135300454339,0.002,0.0272057508877844,0.0573880138104322,0.000604923345254416,0.000799358587199112,0.00520983034250688,0,0,0.00000000000000024867184622436,0.0000169438503687058
0.00729730008587684,0.0306666666666667,0.0389801139676603,0.114883585847012,0.00312604581594977,0.000802721313215736,0.00520983034250688,0,0.475,0.00000000013972581708048,0.00150831081320876
0.111526575461237,0.190666666666667,0.169820607238546,0.252529250946922,0.0100397859092386,0.997067256259334,0.877640843391418,1,0.7,0.00000224222391875478,0.030296204980398
0.00930473453054269,0.00666666666666667,0.051174539510405,0.0758881786701228,0.00783654745212747,0.00404108291467344,0.0176056335712301,0,0.225,0.0000000000000260332038351112,0.00797800895053833
0.000073661997051182,0.00666666666666667,0.0279936114643003,0.0456635308250771,0.000822036632685652,0.000799358664990784,0.00520983034250688,0,0,0.000000000000175902876337606,0.00000674992709014277
0.00558340914868167,0.008,0.0313982768795622,0.0462241995681175,0.000999398042572763,0.00187032739512155,0.00520983034250688,0,0.075,0.00000000000000648370763256968,0.00342849730234683
0.000637182092607532,0.0473333333333333,0.031868996372777,0.0798412045588951,0.00586718299126321,0.000801975461763297,0.00520983034250688,0,0.075,0.00000000000000000400648933254785,0.000143801442670485
0.0237480417411997,0.0146666666666667,0.0592621802411844,0.102545369005745,0.00400247016981503,0.999552247595832,0.0176056335712301,0,0.375,0.000000000000200321457226902,0.00312222727874989
0.0181038405605156,0.00666666666666667,0.0281037255565794,0.0603886123543749,0.00100533090926092,0.894157275420038,0.00520983034250688,0,0.225,0.000000000000092041894301034,0.00207938643820369
0.577168835945512,0.712,0.714931841712687,0.494721437667177,0.737132823275601,0.999983292021719,0.996020840435493,0.5,0.825,0.622930910552607,0.269482663975897
0.00772963379312006,0.00933333333333333,0.0375984461210912,0.0837069555571381,0.0232354402786629,0.0756499342164959,0.0176056335712301,0,0.15,0.000000000000066132343176315,0.00249379452754017
0.999952736061434,0.999333333333333,0.967779687573571,0.957604331801621,0.999546917323347,0.999983293827377,0.996020840435493,1,1,1,0.998502823517386
0.999999420186459,0.998,0.97017376731379,0.903464801185802,0.996510968142175,0.999983293827377,0.996020840435493,1,1,1,0.999998385441617
0.0523889904021099,0.016,0.0427676292070119,0.0996838880184172,0.0195251268352398,0.999976929345897,0.0176056335712301,0,0.35,0.00000000000048089335344579,0.0246914427065793
0.999999976512865,0.987333333333333,0.970074166762464,0.72194776627509,0.937097441697151,0.999983293827377,0.996020840435493,1,1,1,0.903279213619994
0.999999953453739,1,0.97129447167256,0.888143208513976,0.986898337494465,0.999983293827377,0.996020840435493,1,1,1,0.999991984809238
0.99977964477763,0.998666666666667,0.972879806619005,0.933993235953474,0.998766503681372,0.999983293827377,0.996020840435493,1,1,1,0.999974957273407
0.00624469243664816,0.134,0.101158315205437,0.112165366456435,0.00275904959838824,0.00138469730147658,0.0176056335712301,0,0.2,0.000000000267537193667651,0.000729095936256154
0.995538441118153,0.958,0.909571462089375,0.897934945735298,0.992270244833219,0.999983293827345,0.996020840435493,1,1,1,0.991724705533321
0.99999013217347,0.994666666666667,0.94882194046808,0.939417415503328,0.998685989804427,0.999983293827377,0.996020840435493,1,1,1,0.999440127270592
0.00709776379150728,0.0113333333333333,0.0314191420478823,0.0909052367006393,0.0131357027764931,0.00519874697921013,0.0176056335712301,0,0.175,0.000000000000615487913204177,0.00827077790313079
0.171673318839065,0.586,0.624528842360972,0.39540226172593,0.203061520584523,0.999982450239091,0.0638204216957092,0,0.725,0.542924810009983,0.0424947757260252
0.0016889573171534,0.232666666666667,0.231576503887422,0.350601452184075,0.0760394804666786,0.000799360336454004,0.00520983034250688,0,0.6,0.0000273243742037923,0.0000908404859172573
0.18570464029096,0.164666666666667,0.138842453633654,0.278991384687759,0.157913336872108,0.999983279824589,0.127640843391418,0,0.325,0.00000000000531353755818446,0.0895217841757693
0.0152820150138906,0.048,0.0348156918477598,0.133172772707538,0.00832061909277904,0.290660612857347,0.0176056335712301,0,0.375,0.00000000120078182967623,0.0505513875034279
0.99216695224236,0.742666666666667,0.65575075723386,0.727823030122767,0.967651845573515,0.999983293827376,0.813820418535279,1,0.925,1,0.618503222610726
0.0249634860211203,0.172,0.116681898686549,0.17319207525362,0.0138147839957709,0.936915050850461,0.00520983034250688,0,0.55,0.00000000213448234039129,0.0435946322567527
0.000394984725061966,0,0.0278715776977832,0.0342713300472667,0.000433111524443586,0.000799379845776344,0.00520983034250688,0,0.025,0.000000000000000398822560720077,0.0000713661901038378
0.00379364313658216,0.0526666666666667,0.0822355376915753,0.176092063824829,0.00161013011987943,0.000799418586304217,0.00520983034250688,0,0.325,0.000000000281681734461276,0.000926464028049737
0.0444590821101776,0.048,0.0483452406020502,0.19036340734477,0.00440822816658515,0.999975295432631,0.0176056335712301,0,0.725,0.0000000112944476677993,0.0099511276949116
0.00322441947906678,0.024,0.0319222714743044,0.0843282221225464,0.00110739617054645,0.000823616255836824,0.0176056335712301,0,0.125,0.00000000000160374469646519,0.00033161372068629
0.799866530847039,0.493333333333333,0.563613376347535,0.580744590412723,0.903594595518791,0.999983293771421,0.877640843391418,1,0.8,0.000704489393591953,0.871925508871914
0.00110549250734029,0.004,0.026308213559102,0.0538885257852697,0.000103464694472311,0.000799533331465761,0.00520983034250688,0,0.15,0.0000000000000782513336484631,0.000912947879232485
0.00211122757098839,0.0346666666666667,0.0395468022512876,0.0970454634499207,0.00540159609590385,0.000807799914255975,0.0176056335712301,0,0.125,0.0000000000000243054632441879,0.00082340778151344
0.000395984122501263,0.02,0.0342662424395194,0.161057081986074,0.00386389551265054,0.000799358772737288,0.00520983034250688,0,0.3,0.0000000000000491800174919025,0.000148255994982697
0.999263746969698,0.992,0.967135666995805,0.802213356334525,0.993765802767227,0.999983293827376,0.996020840435493,1,1,1,0.999761243819793
0.000168299926309952,0,0.0274026273090824,0.0313492567902972,0.000741049952475481,0.000799370773465282,0.00520983034250688,0,0.025,0.0000000000000000170734894851389,0.000022399460462723
0.000223283038752453,0.00333333333333333,0.0318141405017927,0.115980338209553,0.0224607530429025,0.000800566383609958,0.00520983034250688,0,0,0.0000000000000000847975201434892,0.0000208636096118609
0.99995394598225,1,0.974162585464641,0.971371635328836,0.999939283220769,0.999983293827377,0.996020840435493,1,1,1,0.999958971000055
0.999999657772093,1,0.973402458094405,0.910143799188637,0.992284705636804,0.999983293827377,0.996020840435493,1,1,1,0.999972739296811
0.0194880854022434,0.00266666666666667,0.0334094767126496,0.0711011628551141,0.00404151343381831,0.962773891224391,0.00520983034250688,0,0.275,0.000000000000120612807293938,0.0020054704314172
0.00760134880475602,0.018,0.0401580311654418,0.0816778808232478,0.00177153110340067,0.000922793439133725,0.0176056335712301,0,0.225,0.00000000000103366666204724,0.00603357181267319
0.282408892408815,0.326,0.438585886064223,0.416903059123257,0.400809176808775,0.999983227588322,0.0176056335712301,0,0.85,0.00000710045816428413,0.0485953329788148
0.00275708976537825,0.00866666666666667,0.0270128922218676,0.0755798100401842,0.000158849243075743,0.000799749867896819,0.00520983034250688,0,0.275,0.00000000000368838447767298,0.00032275092276353
0.000363029050087324,0.012,0.0324074283838013,0.0512072742333216,0.00295917309181082,0.000799818382167396,0.00520983034250688,0,0.1,0.0000000000000000674283126575822,0.000547348243402199
0.00627899650240672,0,0.0282547177151168,0.0439692691488623,0.00119585331579553,0.0248523629723099,0.00520983034250688,0,0.2,0.00000000000000223835836374776,0.00261225720630898
0.999924594583786,0.998666666666667,0.97387201338385,0.875086598377993,0.991696224834333,0.999983293827377,0.996020840435493,1,1,1,0.999271619238682
0.00188741131630495,0.014,0.0329408256764354,0.0509690278567745,0.00324509127770889,0.000833713572822795,0.00520983034250688,0,0.05,0.000000000000000228491035372199,0.000728087703289465
0.00522602294602622,0.006,0.0300595641003477,0.0881677746727024,0.000459312618493857,0.00080163539879174,0.0176056335712301,0,0.275,0.00000000000114078758454685,0.00130926943577315
0.00554035914083729,0.0306666666666667,0.0286958295534139,0.0765475369684504,0.00418902189298676,0.0010354800605006,0.00520983034250688,0,0.275,0.000000000000725282306142119,0.00225777697323032
0.000526839262576099,0.00133333333333333,0.0306836983650547,0.0423856630993893,0.000622329397181542,0.000799491589334566,0.00520983034250688,0,0,0.0000000000000000522943465267927,0.000157638219249886
0.010226857444711,0.00266666666666667,0.0303557304348159,0.0513304151732487,0.000383324346233116,0.00229240150547371,0.00520983034250688,0,0.225,0.0000000000000308642064074147,0.00825627683243103
0.189142890198769,0.626,0.627821037957588,0.314989082519016,0.167706810566061,0.999983036271041,0.0638204216957092,0,0.55,0.00354055525448638,0.112670225321554
0.0170544711500948,0.03,0.0451821229564312,0.123176612907039,0.00136320431954629,0.000806225766381531,0.00520983034250688,0,0.35,0.0000000000431310406775916,0.00852928744638763
0.99940351565912,1,0.973529731450967,0.96831363538682,0.999947380327219,0.999983293827377,0.996020840435493,1,1,1,0.998532836948926
0.0603754127082612,0.00933333333333333,0.0393731982105109,0.108974112714479,0.00637214468051583,0.979490975167268,0.00520983034250688,0,0.35,0.00000000000172907043287544,0.0482824918896011
0.0560791689462813,0.084,0.0578137265568483,0.1618661968119,0.235092961788039,0.999978144941593,0.00520983034250688,0,0.325,0.000000000000091594043232351,0.0366109323617164
0.00451613035706904,0.00466666666666667,0.031831776895383,0.0514673037253496,0.00181128651369633,0.00134517311239481,0.00520983034250688,0,0.175,0.0000000000000033136280907181,0.00209640811834592
0.000103236343611696,0.014,0.0480471850076606,0.0654436020022493,0.000462951177980786,0.000799361645949378,0.00520983034250688,0,0.05,0.00000000000000236959907510912,0.0000114527285546832
0.716878695208586,0.685333333333333,0.775729434137314,0.631127889009953,0.626689082450404,0.999983293539119,0.996020840435493,1,0.9,0.132995577293759,0.703382946975411
0.948866617126103,0.494666666666667,0.619625016167204,0.570416573936732,0.733753231621088,0.999983293827316,0.996020840435493,0.5,0.75,0.279155252225056,0.928353223901671
0.0489335083205902,0.00266666666666667,0.0370116934395259,0.0829915630718174,0.00362319356005292,0.999978636999365,0.00520983034250688,0,0.3,0.000000000000273395545128337,0.0114945605955871
0.00717931997478408,0.0186666666666667,0.0786782246550572,0.151273477632626,0.0410395604800965,0.234561733704853,0.00520983034250688,0,0.2,0.00000000000000424904918084368,0.00409928652961349
0.999999473166398,1,0.973689607835183,0.859136978211947,0.986863697736719,0.999983293827377,0.996020840435493,1,1,1,0.99999493027438
0.00169835163890443,0.00866666666666667,0.0285785903784848,0.0467805241032527,0.00151168546373515,0.000816824414493278,0.00520983034250688,0,0.075,0.00000000000000116449306288712,0.00768837095574598
0.00698040217973897,0.00333333333333333,0.0466716305996258,0.0537305355632377,0.00137225470648406,0.00951497973933506,0.00520983034250688,0,0.1,0.000000000000000122902508114791,0.00270761891380087
0.0111825466809972,0.00533333333333333,0.0350069519836846,0.0632366440860243,0.00111104949304608,0.255710902800455,0.00520983034250688,0,0.292682926829268,0.0000000000000930673839183331,0.00188417027896203
0.244137770421772,0.555333333333333,0.518635094225115,0.478091842522315,0.190263722223928,0.999142052837946,0.0638204216957092,0.31802365618245,0.875,0.999999967889353,0.0316073380927215
0.00769329251531623,0.0293333333333333,0.0437252147534218,0.0756782564559439,0.000692658608203334,0.0017009429737081,0.00520983034250688,0,0.275,0.00000000000468928898785005,0.000404468022296546
0.145136378016559,0.308,0.254009043229134,0.348251504717906,0.0447574900583971,0.999980526759784,0.0176056335712301,0,0.8,0.0000121728328035015,0.0526507560160061
0.00911906686987446,0.0193333333333333,0.0352746524252605,0.130217181414384,0.0236168545952817,0.985846654079429,0.00520983034250688,0,0.1,0.0000000196833722857931,0.00167384292039376
0.000393194212666905,0.004,0.0429731090878394,0.0540658274704841,0.00334055956438206,0.000802348135952424,0.00520983034250688,0,0.05,0.00000000000000000631065356700929,0.00011507659633958
0.00305140500146266,0.0146666666666667,0.0291985858355384,0.054098917544346,0.000055141939581449,0.000799617164905831,0.00520983034250688,0,0.2,0.00000000000276475849596946,0.0012146914645227
0.0399060978329608,0.0246666666666667,0.0730163262672367,0.0969542235666285,0.00403109330030971,0.028619745055539,0.00520983034250688,0,0.175,0.000000000000121658310833168,0.0210629160337414
0.0000562124135591662,0,0.0284307958991646,0.0313269314214256,0.000661089128693115,0.000799358656568762,0.00520983034250688,0,0,0.00000000000000000225284394965048,0.0000337449650198591
0.00113465578982321,0.0106666666666667,0.03009784700331,0.0558255583171585,0.00211765317909562,0.000799741559793292,0.00520983034250688,0,0.025,0.0000000000000000197828338317975,0.000353440334498212
0.991915226435541,0.955333333333333,0.96137235629771,0.805274809226055,0.957684132321063,0.999983293696999,0.996020840435493,1,0.9,1,0.944361878590476
0.00446897171100976,0.00533333333333333,0.0318858676034572,0.0818542892216576,0.000420287089773375,0.000801822686073421,0.00520983034250688,0,0.2,0.0000000000383321438063016,0.000132413905836716
0.999911418824756,1,0.973746107721887,0.944924534768046,0.999299760877998,0.999983293827377,0.996020840435493,1,1,1,0.99979644522576
0.999966662645214,0.999333333333333,0.972487792005838,0.966504462850225,0.99987632855643,0.999983293827377,0.996020840435493,1,1,1,0.999641933716716
0.0458013916102641,0.101333333333333,0.0552776654797233,0.126907495435911,0.0151280656185343,0.291532133024804,0.0176056335712301,0,0.15,0.000000000220632381978712,0.0317924113996296
0.978874050092016,0.972666666666667,0.96363198842316,0.8639628655628,0.999503652205929,0.999983293823765,0.996020840435493,1,0.95,0.998968163930361,0.997335639157539
0.0465998572544656,0.0113333333333333,0.0363795427123867,0.0840963950330097,0.00714441864430249,0.0679586168508047,0.0176056335712301,0,0.1,0.000000000000182119481029404,0.0361999242965086
0.0357978942506793,0.072,0.0466164618995252,0.0819908196091389,0.00491098690407454,0.00714846097933392,0.0176056335712301,0,0.121951219512195,0.0000000000245288248689055,0.0596315983542147
0.0496181764224668,0.0586666666666667,0.0797917485616988,0.112319741377803,0.00555307011315231,0.00727712372914708,0.0176056335712301,0,0.225,0.00000000000158809698889336,0.0289546008948611
0.00297225599942316,0.0186666666666667,0.0386562276090017,0.0828244176471791,0.00184858724704207,0.000807427681308545,0.0176056335712301,0,0.05,0.000000000000127814842949817,0.00133305954444254
0.0490823712176249,0.168,0.184288903806679,0.220752271712327,0.00329288881495349,0.000846091283628602,0.00520983034250688,0,0.5,0.000000289837168397541,0.0179193863167585
0.999742788398352,0.988666666666667,0.967485462144461,0.926981517550746,0.999515668973118,0.999983293827373,0.996020840435493,1,1,1,0.997548472096809
0.00204021698776091,0.0126666666666667,0.0441408736271391,0.0797011536907186,0.00450879698243789,0.000805595073539264,0.0176056335712301,0,0,0.00000000000000832068141125753,0.000479510480991967
0.0000233555202085321,0.00266666666666667,0.0286515018716551,0.0944534023184294,0.0114966515400831,0.000799358596999212,0.00520983034250688,0,0.025,0.0000000000000000087944542439838,0.0000106046544731986
0.957712655217835,0.972,0.939955609612087,0.858025351738853,0.996737203628235,0.999983293808734,0.996020840435493,1,0.925,0.999999999999999,0.551840776760857
0.134942797245775,0.0973333333333333,0.128902378389701,0.186911675363733,0.0100459937181642,0.987540931248744,0.00520983034250688,0,0.35,0.000000000167947614919694,0.135450384774719
0.999981753235559,1,0.973323523208421,0.966919487227771,0.999882526051948,0.999983293827377,0.996020840435493,1,1,1,0.999928921603916
0.116673235317503,0.311333333333333,0.266430252504407,0.222442964107343,0.218054315282575,0.999939883950079,0.996020840435493,1,0.375,0.0000000663417259359379,0.0479333709683898
0.141438015838068,0.441333333333333,0.409550482583045,0.335711857047013,0.144201474990929,0.996000805362155,0.996020840435493,1,0.525,0.00000143325644647698,0.0796740631503136
0.999998620125619,0.996,0.970397369662545,0.946504683013836,0.998593662121198,0.999983293827377,0.996020840435493,1,1,1,0.999825519727595
0.00283619210407624,0.0366666666666667,0.0620685120557004,0.170564768471338,0.00289158217951313,0.000799358617580204,0.00520983034250688,0,0.25,0.0000000000106234871275375,0.000786425504680033
0.999694540426417,0.993333333333333,0.968643862763471,0.927561387394158,0.999843413225522,0.999983293827377,0.996020840435493,1,1,1,0.997651858705475
0.0901015556979183,0.106,0.0778466303206957,0.203185718751294,0.00590340026803027,0.460511684937273,0.00520983034250688,0,0.25,0.00000000000541546966774365,0.0358782308750487
0.0394850444907493,0.0606666666666667,0.0655760630394019,0.143053710463538,0.00760965658188439,0.0126382909610979,0.0176056335712301,0,0.25,0.0000000746968346474281,0.0665282979396728
0.0155735690924267,0.0186666666666667,0.0354031611744706,0.0911774698256692,0.0289248801670434,0.00289230109138821,0.00520983034250688,0,0.075,0.000000000000221807473795455,0.0252765054211347
0.739231943990544,0.165333333333333,0.156041995374645,0.399598656592746,0.0710604594240516,0.999983209100419,0.836854457855225,0,0.325,0.00000000502201605992206,0.61674871730606
0.372447700811676,0.151333333333333,0.0929400708910162,0.320186593322664,0.16266080175538,0.999976820756362,0.00520983034250688,0,0.375,0.0000000000687199959799573,0.0517544860119329
0.118390891811939,0.137333333333333,0.107293445263438,0.224374505607638,0.210773322598894,0.999977693287766,0.00520983034250688,0,0.275,0.00000000000234059928726861,0.0227060777084069
0.0810799598101414,0.084,0.107538167149914,0.177794391626556,0.0897299879173702,0.999950790278093,0.00520983034250688,0,0.225,0.0000000000000934282778746262,0.00941692436812036
0.00369092935780756,0.068,0.0823291173019076,0.131265614892502,0.00530425868610285,0.000805621329616368,0.00520983034250688,0,0.1,0.0000000000000056491249078865,0.000273048944513273
0.999998960034508,0.998,0.970964600921317,0.954444323868663,0.999756371864423,0.999983293827377,0.996020840435493,1,1,1,0.999987056488308
1,0.998,0.969187441276993,0.507117539908274,0.805223538110134,0.999983293827377,0.996020840435493,1,1,1,0.999842187849523
0.128398618249159,0.115333333333333,0.128369572555313,0.292030416317111,0.188783707193711,0.999962786695056,0.127640843391418,0,0.275,0.0000000002806196089743,0.0157348658346575
0.00713469483358626,0.00133333333333333,0.0298735047371124,0.0589603867635889,0.00237477205062142,0.000825342393321984,0.00520983034250688,0,0.075,0.00000000000000904498703543978,0.00761073194244317
0.0379347773969063,0.04,0.0556783268751457,0.144220818653759,0.0459738259867991,0.0524491059263157,0.0176056335712301,0,0.125,0.00000000000318279961489873,0.00853760433941495
0.3719677356769,0.529333333333333,0.528090345855808,0.465408327955295,0.100521742735065,0.999895995888253,0.996020840435493,1,0.725,0.973520361078634,0.632921680429936
0.263540085217572,0.187333333333333,0.146361111023645,0.384779737657899,0.152927332735037,0.999948430838508,0.0176056335712301,0,0.675,0.00000128279696684438,0.0456977301068056
0.00085953000138618,0.00133333333333333,0.0292114108146594,0.0379199311429401,0.00127536141381435,0.000799480222617038,0.00520983034250688,0,0,0.00000000000000000905054338792964,0.000227091320335746
0.99993541671771,0.998,0.965759912739552,0.799715731802035,0.958147952245944,0.999983293826645,0.996020840435493,1,0.975,1,0.999955761286672
0.348435614803635,0.386,0.338007601749833,0.388730847495138,0.145027301089152,0.999976684318746,0.813820418535279,1,0.609756097560976,0.0000653124966567622,0.107524212862824
0.00184356596172434,0,0.0292634108590675,0.042254437229215,0.000421522699218912,0.00080090967695866,0.00520983034250688,0,0,0.00000000000000918679825636857,0.000778901495939403
0.138635836044055,0.133333333333333,0.0938718044587032,0.231888462384634,0.0179442202307882,0.283877464107294,0.00520983034250688,0,0.25,0.00000000265114609985467,0.0826152145031797
0.0646801536732545,0.406,0.410753540774825,0.255732883142006,0.0567585384642721,0.998960663543715,0.0638204216957092,0,0.4,0.00000454792599161759,0.0414260713425727
0.0196994082553285,0.0773333333333333,0.0939012849966449,0.305651050102457,0.0625353244779308,0.000816539531605492,0.00520983034250688,0,0.125,0.00000000000000048119222921506,0.0056775422190264
0.000652517067469745,0.0373333333333333,0.0382973533637439,0.0983148173617745,0.0031244295491113,0.00080070843431267,0.00520983034250688,0,0.25,0.0000000000107337619627037,0.0000753539035005071
0.00888508648872082,0.0246666666666667,0.0395514911711266,0.105185236492423,0.0063565761185661,0.00107680518655222,0.0176056335712301,0,0.15,0.0000000000142261404217074,0.00281506205113776
0.585733142098395,0.611333333333333,0.619550541364239,0.43340524074268,0.121020214795584,0.999977268125738,0.996020840435493,1,0.7,0.000277061654855376,0.176236406820629
0.00316415131991293,0.0493333333333333,0.0394981509982561,0.120520202058915,0.0385175641393901,0.000822430529850475,0.0176056335712301,0,0.075,0.000000000000268539609210352,0.00112414834328125
0.00134408280264417,0.00133333333333333,0.0282192538536475,0.0443789164732921,0.000285705291149241,0.00080028407419244,0.00520983034250688,0,0.1,0.0000000000000400964591349595,0.000756125365892966
0.929004652525974,0.980666666666667,0.948324237747415,0.846657569782145,0.97535218214705,0.999982998816651,0.996020840435493,1,0.9,1,0.725995473741025
0.00481860137013634,0.000666666666666667,0.0306583043021257,0.0656500520436889,0.0034786502392895,0.000809513765717051,0.00520983034250688,0,0.1,0.00000000000000361147409813884,0.000609559517378517
0.104137199814488,0.201333333333333,0.232616790534742,0.190473582439939,0.148257207548134,0.999929208678442,0.0176056335712301,0,0.25,0.000000000203008616484327,0.0977802824786876
0.0305394487385653,0.0886666666666667,0.084850152004687,0.175733828597078,0.0506591536518799,0.0226022413520972,0.0176056335712301,0,0.4,0.0000000193360327868526,0.0348505897210039
0.0239601561074902,0.0286666666666667,0.0490515013153854,0.11717301856833,0.0152824368023221,0.0183897953283337,0.0176056335712301,0,0.15,0.00000000000870877193167611,0.00439280100632139
0.131443769635545,0.601333333333333,0.801918878093195,0.409383537919484,0.38600453290677,0.999978797126956,0.0638204216957092,0,0.560975609756098,0.868750430681375,0.0194365488041348
0.0356825438801039,0.226666666666667,0.127163285547581,0.362038991616268,0.0426548346095941,0.000799395720821224,0.877640843391418,1,0.625,0.305979052767345,0.010311596115566
0.0494687130648388,0.307333333333333,0.263074402629327,0.218949127803674,0.174795439466883,0.518336667970929,0.996020840435493,1,0.3,0.00000000401878065270797,0.0171659804919768
0.999986494103527,1,0.973753447952063,0.971695109460216,0.999836257879433,0.999983293827377,0.996020840435493,1,1,1,0.999938431438318
0.029264751578384,0.00133333333333333,0.0374744260922687,0.066199178417652,0.00130982713429373,0.252138335879177,0.00520983034250688,0,0.025,0.00000000000076857857692593,0.0124256420185993
0.833888528736342,0.684666666666667,0.689771946263105,0.627817556415386,0.975659671821729,0.999983286796881,0.902112674713135,1,0.8,0.99998571646109,0.978717747220869
0.0780724329396805,0.078,0.104445839596494,0.150971767199723,0.0781509867409445,0.996494617448695,0.836854457855225,0,0.275,0.0000000000000651082379174395,0.124057926326248
0.222247739166369,0.606,0.550993307676029,0.41116465833155,0.129664093716972,0.999959748248716,0.945618152618408,1,0.525,0.999999989673203,0.0364192718075638
0.999625784685489,0.996666666666667,0.96734608200745,0.949621785257343,0.999677478095079,0.999983293827367,0.996020840435493,1,0.975,1,0.996683497626307
0.0000508419188420683,0.00133333333333333,0.0285128264128632,0.0510155069471677,0.00169086598378276,0.000799358584991296,0.00520983034250688,0,0,0.000000000000000000620577435588516,0.0000614610720078248
0.0184288926116424,0.0266666666666667,0.0448072410379088,0.0831773351541281,0.0037572847596391,0.000968886485040879,0.0176056335712301,0,0.1,0.0000000000000185518592828477,0.0114095562431486
0.168298946051494,0.226666666666667,0.177178545311437,0.284553466235876,0.0857301818637083,0.991329917565587,0.0176056335712301,0,0.525,0.000000373898227103673,0.088940175879269
0.217492407991209,0.232666666666667,0.196088166108737,0.410936659557219,0.201363320525648,0.999973082691001,0.0176056335712301,0,0.725,0.0000120563860263331,0.158992920631714
0.0224009152647586,0.0233333333333333,0.0408773675577395,0.109918244194709,0.0240884226942198,0.00152774646792257,0.0176056335712301,0,0.175,0.00000000000104923026125828,0.0115312033539866
0.999751858575478,0.995333333333333,0.952263958381051,0.951147704579644,0.99956124472945,0.999983293827376,0.996020840435493,1,1,1,0.998761339126105
0.999993218697234,0.999333333333333,0.97134259050099,0.966511306454739,0.999643317630942,0.999983293827377,0.996020840435493,1,1,1,0.999847933490223
0.10188784778817,0.52,0.390903099911306,0.299226723433538,0.126182124680861,0.240737538665142,0.996020840435493,1,0.5,0.00203661881353715,0.0226742858146357
0.994727900395803,0.919333333333333,0.934421775755672,0.862455172453312,0.991709561417459,0.99998329382572,0.996020840435493,1,0.925,0.999999996192019,0.9972726205948
0.0206096343321266,0.004,0.0378642736944812,0.0924822427253464,0.00451310777580882,0.0039155673483057,0.00520983034250688,0,0.1,0.00000000000847942411038001,0.00348766996868161
0.999999998457068,0.999333333333333,0.966124308088703,0.752343499893292,0.941797676118542,0.999983293827377,0.996020840435493,1,1,1,0.999996842958159
0.00278325873855831,0.25,0.093764561544722,0.485567550302871,0.672641727480121,0.00079955475183444,0.813820418535279,0.315881322146626,0.634146341463415,0.25097104602124,0.0000288069961416208
0.00293012668171285,0.296,0.097448107055096,0.44944151845788,0.532419052552621,0.000799422892439263,0.813820418535279,0.315881322146626,0.575,0.229887350125941,0.000108687635893579
0.0122203362886528,0.0346666666666667,0.046436786976328,0.155426774965959,0.0133513032357275,0.0234064013162391,0.00520983034250688,0,0.4,0.000000000231922086829348,0.000992309188211715
0.00372018805255668,0.0213333333333333,0.0474179639900649,0.165051754153569,0.00843652252681415,0.000831950371506414,0.00520983034250688,0,0.275,0.0000000000232701151362239,0.0127641193589893
0.199106624590145,0.501333333333333,0.505308368271239,0.308021531440584,0.0938887026185565,0.999982871344659,0.0638204216957092,0.31802365618245,0.475,0.0097018721566878,0.187147711535546
0.999000157081276,0.992666666666667,0.969755863596771,0.900320556751464,0.998138630954603,0.999983293826802,0.996020840435493,1,0.975,1,0.997622008543681
0.000421891699491707,0.0186666666666667,0.0281672002736454,0.0634537651025034,0.000115797179293442,0.000799358639823625,0.00520983034250688,0,0.125,0.000000000000235423642690943,0.00108705891306648
0.00596343907346717,0.0486666666666667,0.043087401433052,0.0941802222671541,0.00213901848217601,0.000978101043659375,0.0176056335712301,0,0.075,0.0000000000121219565746097,0.00311071938991569
0.992850358710233,0.993333333333333,0.965961043613897,0.914153350008036,0.998870946220099,0.999983293825838,0.996020840435493,1,0.95,0.999999998134713,0.997329490182157
0.0683424643355607,0.304666666666667,0.256325102943929,0.189538592554955,0.0165851503277166,0.979051818263282,0.0638204216957092,0,0.35,0.00000208127088335971,0.0274211803498516
0.684577785012339,0.824,0.75393856143775,0.53408959513831,0.868559906797697,0.999983240098165,0.996020840435493,1,0.7,0.0425399049614458,0.203108312373078
0.0103509741567822,0.0246666666666667,0.0306369990470235,0.0556286232035348,0.00160150135139858,0.00118748089329048,0.00520983034250688,0,0.025,0.0000000000000363747671253621,0.00108185687718226
0.999597767024628,1,0.973184390178331,0.970678513070873,0.999967813503212,0.999983293827377,0.996020840435493,1,1,1,0.998332793860751
0.999883202751746,1,0.971355053420726,0.966312693652149,0.999878039977156,0.999983293827377,0.996020840435493,1,1,1,0.999544476380835
0.293045902207561,0.186666666666667,0.155692368666981,0.316715909685094,0.0933839126506112,0.999884377617768,0.0176056335712301,0,0.625,0.0000158106208847617,0.0105682344352414
0.0577585786258476,0.0166666666666667,0.0438309034758626,0.113732701562197,0.00991570841210998,0.999835832924838,0.0176056335712301,0,0.275,0.0000000000557521340204638,0.0115294510908712
0.00253726369906516,0.130666666666667,0.0491362923011704,0.260090168663482,0.112254452248139,0.000805378629704942,0.813820418535279,0.315881322146626,0.2,0.000000000374793373650871,0.000685013843685325
0.999999997552519,1,0.972954827735292,0.837850391032953,0.980729765155356,0.999983293827377,0.996020840435493,1,1,1,0.999989227701475
0.000336226009771545,0.000666666666666667,0.0323098901731468,0.0469531198782042,0.00376048039543575,0.000799404979520911,0.00520983034250688,0,0.05,0.0000000000000000151982981732793,0.000111494839753002
0.313240160300945,0.1,0.106114367455967,0.253723489267134,0.0424943023634471,0.999964243259237,0.0176056335712301,0,0.55,0.0000000986823496048847,0.219618553009704
0.000729144776871664,0.006,0.0295437501787436,0.0374384319741583,0.000277030061447081,0.000799387308206796,0.00520983034250688,0,0.025,0.000000000000000245360191527665,0.000290181135256015
0.000160685240777448,0.00866666666666667,0.0398534997745319,0.071604042906508,0.00258439011233125,0.000799404848584104,0.00520983034250688,0,0.025,0.000000000000217845395021711,0.000052534476983879
0.653485227992997,0.268,0.367632076711872,0.499333119523368,0.936474260047295,0.999983289262055,0.0176056335712301,0,0.65,0.00000298699943873502,0.266117091310227
0.00258621567700326,0.024,0.0330887769598837,0.0827961806821157,0.0213111433633157,0.000817795139753048,0.00520983034250688,0,0.075,0.000000000000066153937275892,0.00226144813303032
0.0111868742856177,0.122,0.0741154552511903,0.302368369457046,0.0511707201604894,0.000802751303684559,0.877640843391418,0.31802365618245,0.5,0.000305536164987468,0.112378672287629
0.0031807964712746,0.000666666666666667,0.0371836908746198,0.0579362680011435,0.00354897014756983,0.000858146952639202,0.00520983034250688,0,0.075,0.00000000000000429739783607208,0.00111776149563987
0.0555376963630375,0.012,0.0385556984292378,0.112448464735132,0.00259406404193141,0.00129224396920166,0.00520983034250688,0,0.225,0.0000000000247028519965122,0.0389147166920403
0.0753641915725026,0.012,0.0453005320823843,0.206137706478405,0.1019375092295,0.999971183605838,0.00520983034250688,0,0.475,0.0000000000196372033165279,0.00777062427607833
0.0333433940981074,0.113333333333333,0.0751537397748617,0.123409221878046,0.124970575676799,0.99663637951592,0.0176056335712301,0,0.15,0.00000000000248677555190813,0.020003836017731
0.999892995375096,0.998666666666667,0.968054859765373,0.931003634278892,0.997657517467263,0.999983293827374,0.996020840435493,1,1,1,0.997315712819186
0.00249316189757752,0.018,0.0409466814307612,0.0618402826935504,0.000234651722678225,0.00079987364804086,0.00520983034250688,0,0.125,0.00000000000185880583310097,0.000248201407962599
0.999989354706967,1,0.97196670355428,0.956517395740058,0.998585133341874,0.999983293827377,0.996020840435493,1,1,1,0.999322816866036
0.65990263009224,0.604,0.630461162594087,0.719671277917835,0.982697638427523,0.999983188712693,0.127640843391418,0,0.85,0.141599349446501,0.364106350538497
0.57952523932996,0.293333333333333,0.289870536097762,0.45925435427154,0.440533970240977,0.999983176356113,0.813820418535279,1,0.6,0.0000117175873128306,0.173678266061679
0.000468474647363498,0.052,0.0905405722149681,0.149039526428946,0.0305314566650663,0.000799392804448336,0.00520983034250688,0,0.025,0.00000000000000118843842120928,0.000118599990044222
0.00149773800902122,0.0846666666666667,0.129636616642664,0.249797907856383,0.0305564169147508,0.000799374680009893,0.00520983034250688,0,0.375,0.0000000170556429295486,0.00000451372236674987
0.000466928371115665,0,0.0262074871060351,0.0464667978789606,0.000131561539142844,0.000799359097374753,0.00520983034250688,0,0.1,0.0000000000000223151619867495,0.000059892815399498
0.87060677847252,0.698666666666667,0.772069525648772,0.726151554928318,0.786607685192057,0.999983279031187,0.996020840435493,1,0.85,0.912092376326272,0.894556194894404
0.654413263944975,0.448,0.639515164167614,0.431041376679268,0.191694554170436,0.999983128014384,0.996020840435493,1,0.55,0.00000335234177046217,0.455457946850218
0.217901437740563,0.145333333333333,0.101857102144271,0.278089670416385,0.0305874303709462,0.999887096820847,0.836854457855225,0,0.3,0.0000000000344653765860954,0.064078102985449
0.0417836734927067,0.0213333333333333,0.0396359750378177,0.120289185643801,0.00616710591001035,0.0557961121433429,0.0176056335712301,0,0.275,0.0000000000696685498206689,0.00497248557346282
0.178449904898149,0.0626666666666667,0.103995601708121,0.169661380150753,0.0159533394754903,0.999801565291541,0.0176056335712301,0,0.325,0.0000000000670681980841097,0.0737530606253545
0.000134149407541663,0,0.0287079433762245,0.0257739475361712,0.000975676653850455,0.000799388482120184,0.00520983034250688,0,0,0.0000000000000000029860058944782,0.0000218553159607594
0.000489849200284237,0.00133333333333333,0.0286483440578197,0.0364327526800957,0.0000673019693420152,0.000799366362580009,0.00520983034250688,0,0,0.0000000000000685789875188212,0.00016580182727558
0.000377322619145142,0.006,0.0301754397595823,0.0273813593527397,0.000142024321516776,0.000799362783096687,0.00520983034250688,0,0.025,0.0000000000000000273892400285646,0.000095438886599944
0.0449310632313205,0.0373333333333333,0.0808589768045618,0.09966307425339,0.0033178134500268,0.00213055099306287,0.00520983034250688,0,0.1,0.000000000000225074721656342,0.0145192561241724
0.000204347787706796,0.006,0.0477184592805779,0.0638095629446263,0.0040931990782388,0.000799360867166827,0.00520983034250688,0,0,0.000000000000000000159840195595954,0.0000166793440246137
0.00392045510650143,0.03,0.0562491996281088,0.0698255373312678,0.000147148583191203,0.000799444531134438,0.00520983034250688,0,0.075,0.000000000000135185507369583,0.000694818993739715
0.211078447591931,0.142666666666667,0.0899750592957519,0.247912400493437,0.0928702923105267,0.999979491952381,0.00520983034250688,0,0.325,0.00000000000100565262412311,0.13183060987568
0.0000890719169437413,0.0126666666666667,0.0517823529669882,0.0518965617220034,0.00137318440334078,0.000799358585798116,0.00520983034250688,0,0,0.000000000000000502844484601595,0.00000909614619619713
0.158366063930566,0.194,0.0908324305426558,0.278390541683617,0.0751063973500047,0.999962204965529,0.00520983034250688,0,0.375,0.0000000000392316422297167,0.0416393670914815
0.0196614699990396,0.164666666666667,0.0975427768118633,0.191432679603397,0.0220724015523714,0.000859071332556164,0.00520983034250688,0,0.225,0.00000000000513568586977568,0.00443395670649321
0.0000957392419915098,0,0.0277913207824554,0.0430053586830039,0.00114868388074274,0.000799359334689056,0.00520983034250688,0,0,0.00000000000000000251523018242851,0.00000713421876513853
0.00218387492487083,0.076,0.090934615708846,0.208669739320244,0.0566204118398741,0.000799666288198845,0.00520983034250688,0,0.025,0.000000000000000659521885800908,0.000139200187171184
0.112029113386186,0.35,0.3001197922621,0.381848124314293,0.0315558774575576,0.000939593060949881,0.996020840435493,1,0.55,0.000232377595031864,0.00829936176625525
0.0394678332359387,0.216,0.129337718647054,0.273800160122868,0.0278878963322513,0.000813764475761261,0.00520983034250688,0,0.375,0.000000000217346087395174,0.00829338655954272
0.638133070084904,0.224,0.146546367524135,0.431387694292718,0.109570859048119,0.99998201023874,0.877640843391418,1,0.525,0.00000518911335955659,0.291386117554058
0.00139510588408093,0.128666666666667,0.0949072153327068,0.353941867967526,0.140793521191735,0.000799368181685283,0.00520983034250688,0,0.15,0.000000000000000000669587327357069,0.000159247966948838
0.99993773594824,0.980666666666667,0.968990024783992,0.749283996567755,0.949823613933816,0.999983293827377,0.996020840435493,1,0.975,1,0.999994007356949
0.999999931476796,1,0.971222127348965,0.869943805266364,0.986355400950793,0.999983293827377,0.996020840435493,1,1,1,0.999995989416674
0.99999977841343,0.995333333333333,0.970240359445946,0.835993944526776,0.976373924515175,0.999983293827377,0.996020840435493,1,1,1,0.999998633284498
0.999993820352327,0.994666666666667,0.968048431247932,0.900412182175244,0.994820580562191,0.999983293827377,0.996020840435493,1,1,1,0.999926023451439
0.995505355411223,0.983333333333333,0.959999507579919,0.878229338770421,0.994748762635889,0.999983293825321,0.996020840435493,1,1,0.999999999999642,0.968106243971514
0.999999998229561,1,0.971540391078432,0.743795694920053,0.960173247132727,0.999983293827377,0.996020840435493,1,1,1,0.999999945548487
0.000134726290833606,0.0346666666666667,0.086014684726101,0.165061269648888,0.0345270400438789,0.000799358609934365,0.00520983034250688,0,0.05,0.0000000000000000138982535359953,0.00000199951927765806
