0.0257016918357392,0,0.0659270337863575,0.12513416686143,0.0502897583141174,0.049569789005872,0.12505406482765,0,0.0476190476190476,0.00021710254178582,0.0128336953442724
0.924885110073629,0.95,0.882147669767964,0.888706508319542,0.814122130565852,0.92642311475748,0.79261324744681,1,0.902439024390244,0.995028826371497,0.963746217267649
0.20710228556089,0.004,0.155762825235506,0.188333746287395,0.150299709584115,0.227785865967549,0.348740416630885,0,0.24390243902439,0.113390016700315,0.189886979349725
0.12832304054126,0.008,0.202889097056424,0.177562612464247,0.114727991307936,0.129468036991021,0.12505406482765,0,0.2,0.00508577151770852,0.074276071133328
0.891495744462634,0.976,0.837795894178752,0.849932518728662,0.818170730192786,0.907061692613076,0.79261324744681,1,0.875,0.991742735374975,0.94542477797766
0.649423445500293,0.387333333333333,0.635182252249938,0.527533642496137,0.60344137067971,0.694846836099026,0.348740416630885,0,0.707317073170732,0.790030263711913,0.681769512534679
0.577642067129116,0.644666666666667,0.558301824910747,0.496345697931388,0.528869177914335,0.626830649354036,0.348740416630885,0,0.609756097560976,0.713406500628792,0.608436125633987
0.76105506758643,0.626,0.772119751862127,0.746594541681129,0.807477352512617,0.815802962705177,0.79261324744681,1,0.733333333333333,0.964988535031684,0.846832225528745
0.69397636968041,0.242,0.584231061466455,0.541317642041993,0.646888503959839,0.73498859383303,0.348740416630885,0,0.775,0.82927256367485,0.726319906330615
0.217759418284384,0.0493333333333333,0.151459830761146,0.185389041714648,0.158084327034195,0.227230223414979,0.348740416630885,0,0.2,0.0867482006229816,0.179129614347826
0.116691540748012,0.146,0.119429245486431,0.160704225947472,0.0979943892940022,0.127315466770571,0.12505406482765,0,0.121951219512195,0.0134293719212956,0.0794220043128465
0.778958527170162,0.994,0.788135991115236,0.767411866814138,0.81072383564457,0.828664499717734,0.79261324744681,1,0.804878048780488,0.96976861240012,0.860208910363728
0.0529608863888181,0.0206666666666667,0.075760048082698,0.13648620660711,0.0650539577545659,0.0744283702598937,0.12505406482765,0,0.1,0.00259180299484733,0.0335622541012484
0.924885110073629,0.95,0.882147669767964,0.888706508319542,0.814122130565852,0.92642311475748,0.79261324744681,1,0.902439024390244,0.995028826371497,0.963746217267649
0.0737943085557446,0.294666666666667,0.0920075839335441,0.13632778945517,0.0764608839572859,0.0915956883618432,0.12505406482765,0,0.1,0.00529414850101095,0.0480846248813574
0.1517764076612,0.00666666666666667,0.100954246301081,0.187353896168967,0.113642607048398,0.157390944555764,0.12505406482765,0,0.195121951219512,0.0222816596127523,0.106304848309149
0.247139561855769,0.0593333333333333,0.170661959601929,0.263058904500571,0.150717707911168,0.243809120148732,0.12505406482765,0,0.25,0.0542171383822547,0.184416209213341
0.0667270622613113,0.00333333333333333,0.089220500859448,0.248122234076443,0.131279718921264,0.0902325182493895,0.12505406482765,0,0.125,0.0067092281405006,0.0515169658845034
0.132437625102008,0.014,0.113425551436778,0.279326323198979,0.188702744024952,0.149236430764883,0.12505406482765,0,0.225,0.0313365719998975,0.108126581733419
0.122005629993331,0.004,0.097461837355531,0.164324756432084,0.100466462556211,0.131814248776789,0.12505406482765,0,0.175,0.0146523085252979,0.0834248734662624
0.900898331321848,0.966,0.86841072193324,0.862096443133404,0.817659530002136,0.912551737644572,0.79261324744681,1,0.85,0.992768630211279,0.9506923766381
0.0232870458914096,0,0.0659270337863575,0.14246143023653,0.0487430995687045,0.0475599594238792,0.12505406482765,0,0.0476190476190476,0.000173908898381913,0.0115457855709651
0.203143203327173,0.339333333333333,0.21149819778026,0.231540235665812,0.134315410601907,0.203096766732036,0.12505406482765,0,0.166666666666667,0.0382051674161251,0.147499041938586
0.896291229059534,0.985333333333333,0.850288204795698,0.856119946261737,0.817963395946934,0.909866667851268,0.79261324744681,1,0.883720930232558,0.992276397520044,0.948121740203509
0.871801740015422,0.998,0.845001395748687,0.896881460467765,0.817926061601235,0.890803363982782,0.79261324744681,1,0.951219512195122,0.987342404695189,0.925041210668188
0.780185030308443,0.463333333333333,0.717863471796077,0.746511536530919,0.692424190316232,0.819007079032859,0.79261324744681,1,0.878048780487805,0.955369659983898,0.837181902236679
0.946069646980463,1,0.909878449347565,0.88529232555961,0.807440153769083,0.938666745621849,0.79261324744681,1,0.925,0.996643214524284,0.974790101433831
0.0529608863888181,0.0206666666666667,0.075760048082698,0.13648620660711,0.0650539577545659,0.0744283702598937,0.12505406482765,0,0.1,0.00259180299484733,0.0335622541012484
0.0888672431905355,0.00333333333333333,0.0999950782615474,0.143837792991759,0.0843592107445436,0.104046405104431,0.12505406482765,0,0.125,0.00778146838923246,0.0588894473750036
0.0436860900798782,0.0206666666666667,0.075760048082698,0.151039504740231,0.0599461688007474,0.0667261119571693,0.12505406482765,0,0.0731707317073171,0.00168459474629521,0.027269722994916
0.539981084171153,0.892666666666667,0.600538437331575,0.647816501551624,0.742487635484382,0.61429160860058,0.79261324744681,1,0.658536585365854,0.809520983694588,0.625826672901217
0.455262336107767,0.438,0.375816076174336,0.369199794415578,0.367151565672514,0.485603257927664,0.348740416630885,0,0.523809523809524,0.465368491260557,0.445323590465792
0.891495744462634,0.976,0.837795894178752,0.849932518728662,0.818170730192786,0.907061692613076,0.79261324744681,1,0.875,0.991742735374975,0.94542477797766
0.704373210631589,0.979333333333333,0.755286296771411,0.731983825773901,0.787364281952591,0.761824193381877,0.79261324744681,1,0.833333333333333,0.928586054431447,0.779672120474718
0.953306211876516,0.943333333333333,0.908306034967958,0.86785219203319,0.804150992771622,0.942901293477066,0.79261324744681,1,0.925,0.997120803721058,0.978449531850292
0.586470546423685,0.91,0.649191711497911,0.578331336435392,0.750056770890375,0.673508137916054,0.79261324744681,1,0.65,0.876343725771952,0.701302690807331
0.612460357174661,0.252666666666667,0.421663912811425,0.538408048832763,0.574604961351951,0.678848018239196,0.79261324744681,1,0.7,0.871459802547971,0.685884378055884
0.897506521871845,1,0.905037081517659,0.915263863321778,0.816219370526927,0.906869727440742,0.79261324744681,1,0.952380952380952,0.990561067463854,0.941615330998245
0.662445385083614,0.773333333333333,0.70583231036128,0.55936959591299,0.767392276042609,0.689346923642315,0.348740416630885,0,0.575,0.498186738732517,0.653809320800204
0.299443423513613,0.523333333333333,0.253491004287101,0.334677886591503,0.227153046582392,0.337133124775698,0.348740416630885,0,0.45,0.267795329882318,0.312078982165672
0.70312124399682,0.608666666666667,0.670407685147905,0.640654420948331,0.64121438180162,0.757920032768673,0.79261324744681,1,0.825,0.925592178033352,0.77015344567451
0.195080300323882,0.374666666666667,0.230228309921383,0.224848526307498,0.131202740983987,0.195789513054003,0.12505406482765,0,0.175,0.0354958109154578,0.140894373655273
0.116691540748012,0.146,0.119429245486431,0.160704225947472,0.0979943892940022,0.127315466770571,0.12505406482765,0,0.121951219512195,0.0134293719212956,0.0794220043128465
0.650789393410076,0.634666666666667,0.571645459239806,0.582655405466092,0.571106123122148,0.699576219331317,0.79261324744681,1,0.780487804878049,0.860195039390824,0.693491724059794
0.453492818531212,0.274,0.269445347832383,0.437467337923718,0.440878737334835,0.50545210564294,0.79261324744681,1,0.658536585365854,0.650003560193409,0.49001000886954
0.0778366629194377,0,0.0858938193731785,0.0883637951642393,0.085681780593188,0.0901423568444949,0.12505406482765,0,0.0714285714285714,0.00208399135203574,0.0426311575031726
0.0559309289825538,0.000666666666666667,0.0910057024663817,0.0790039815881964,0.0713625295553082,0.0733579943486616,0.12505406482765,0,0.025,0.00110791014297347,0.0297044304845432
0.83207944759757,0.892,0.823651890465337,0.788569045972895,0.813676202159897,0.871134819593332,0.79261324744681,1,0.8,0.983039327932266,0.910256184212235
0.097403791942141,0.008,0.134226495662426,0.148691529872017,0.0886714137138207,0.11113901022978,0.12505406482765,0,0.13953488372093,0.0093740900474221,0.065110578467037
0.0297865712171345,0,0.0659270337863575,0.105914323779409,0.0530501305911515,0.0529078391523611,0.12505406482765,0,0.0465116279069767,0.000300543606158995,0.0150356982622384
0.738887213898096,0.678,0.626991568302574,0.571816793433313,0.536705294567997,0.765395541955811,0.79261324744681,1,0.853658536585366,0.828790122638961,0.75393025830209
0.15665754579775,0.052,0.211639745129799,0.138011663023044,0.118575211464789,0.169604465785315,0.348740416630885,0,0.15,0.0449099716789007,0.124500429731741
0.166246873798961,0.0133333333333333,0.178554421975382,0.284717356146366,0.134108328178516,0.160158971046788,0.12505406482765,0,0.25,0.00785250886907358,0.0996055752600528
0.089446864128091,0,0.085431636838943,0.100396119143319,0.0928006762813711,0.0990683153400526,0.12505406482765,0,0.075,0.00269080409305577,0.049688461110026
0.283980981665529,0.506666666666667,0.372885720368404,0.251081707864541,0.200049223599775,0.292330036441656,0.348740416630885,0,0.186046511627907,0.142906054672093,0.24093606532104
0.833907757016754,0.97,0.787257269626058,0.845448959033018,0.817170833534466,0.86630473745321,0.79261324744681,1,0.878048780487805,0.981434093453808,0.899504161789195
0.112288998475072,0.13,0.201173626368209,0.139226480464459,0.10599616168225,0.116815411800723,0.12505406482765,0,0.0714285714285714,0.00403653731782573,0.0639616098515392
0.0484396643557955,0,0.0826792799520968,0.0799990112968987,0.0661954890385905,0.0675886957458105,0.12505406482765,0,0.025,0.00083237325275158,0.0254095871095899
0.690936375632432,0.778666666666667,0.626132189965389,0.681942859317832,0.789962067964424,0.762400263418134,0.79261324744681,1,0.707317073170732,0.940127531475634,0.791710611445354
0.78754242033981,0.968666666666667,0.782023106388496,0.778310248200492,0.812091744784642,0.834723723045093,0.79261324744681,1,0.825,0.971874273359895,0.866522474094478
0.892760508683563,1,0.905132034386226,0.913530948674662,0.816691777463066,0.903930857242606,0.79261324744681,1,0.975609756097561,0.990009688299699,0.938602028064251
0.580569409972596,0.805333333333333,0.711744427774174,0.633749716181486,0.730829981933582,0.637548564339461,0.79261324744681,1,0.761904761904762,0.770479363647959,0.634112608732534
0.78754242033981,0.968666666666667,0.782023106388496,0.778310248200492,0.812091744784642,0.834723723045093,0.79261324744681,1,0.825,0.971874273359895,0.866522474094478
0.435999149904421,0.142,0.500358098985287,0.418483811607329,0.659911220962348,0.526148555094787,0.79261324744681,1,0.625,0.683794059041766,0.55259570743673
0.817470363688663,0.784666666666667,0.769905108333709,0.776119767532264,0.811039467173945,0.861896943391683,0.79261324744681,1,0.804878048780488,0.98019861380906,0.901118043411475
0.770129049559185,0.975333333333333,0.789378954739981,0.756829016003562,0.809188145099881,0.822359704383006,0.79261324744681,1,0.825,0.967479065091418,0.853647149958835
0.88968326451806,0.893333333333333,0.871242222552845,0.525948457965068,0.775399435589699,0.908176507538531,0.79261324744681,1,0.878048780487805,0.701733190169247,0.934387318892583
0.894012283066809,0.918,0.866890435992348,0.826817360656961,0.79337698859953,0.900650569884303,0.79261324744681,1,0.928571428571429,0.983268148339087,0.930988589679019
0.78754242033981,0.968666666666667,0.782023106388496,0.778310248200492,0.812091744784642,0.834723723045093,0.79261324744681,1,0.825,0.971874273359895,0.866522474094478
0.53877050726167,0.916666666666667,0.63438808178849,0.6962878122355,0.691217366818813,0.584284725543151,0.348740416630885,0,0.525,0.386171466724246,0.556156629770573
0.63921149483277,0.598,0.522322294871228,0.572871930764609,0.564303258665788,0.688976801499669,0.79261324744681,1,0.775,0.851897347515297,0.681997296643183
0.179687503279941,0.402666666666667,0.214391454095624,0.211587063801332,0.125138234733546,0.181976062198779,0.12505406482765,0,0.175,0.030532835234327,0.128427011680456
0.758656904077336,0.994,0.745673573831677,0.71701339602361,0.7960313631465,0.82278906941893,0.79261324744681,1,0.7,0.965051901361969,0.862357278174675
0.819423216367067,0.985333333333333,0.778461455420937,0.823505097009664,0.816027826584845,0.856640253912493,0.79261324744681,1,0.875,0.978751278969859,0.889404219534398
0.107346383742853,0.12,0.131403405119421,0.129136838969456,0.103222548445508,0.112949773633215,0.12505406482765,0,0.0714285714285714,0.00372967072150442,0.060830642436013
0.122772266132865,0.0366666666666667,0.218306240606865,0.163415420606672,0.111748292862937,0.125067617924278,0.12505406482765,0,0.19047619047619,0.00471359853408306,0.0706783273082669
0.840793891182291,0.995333333333333,0.812258964362404,0.85579452188059,0.817559366047184,0.870838504269448,0.79261324744681,1,0.875,0.982622322924192,0.904240550128621
0.896291229059534,0.985333333333333,0.850288204795698,0.856119946261737,0.817963395946934,0.909866667851268,0.79261324744681,1,0.883720930232558,0.992276397520044,0.948121740203509
0.117429251250472,0.0366666666666667,0.196965567316157,0.150638464590642,0.108837893106455,0.12085240365578,0.12505406482765,0,0.116279069767442,0.00436418498789709,0.0672421908376068
0.0708803250916794,0.0146666666666667,0.104095471062759,0.0835428838006822,0.0812646680032478,0.0848119923366017,0.12505406482765,0,0.0731707317073171,0.00174863420262012,0.0384694902837211
0.89344193415409,0.852666666666667,0.804916321608558,0.797959604491825,0.760931991047816,0.899222635083305,0.79261324744681,1,0.951219512195122,0.982088150077475,0.927398403103791
0.767794170160383,0.992666666666667,0.745570490966973,0.727675903784387,0.798776022579607,0.829077242379189,0.79261324744681,1,0.725,0.967851338421094,0.868588635306675
0.858478098741747,0.972,0.842273293721029,0.812369250630403,0.817069216402229,0.887397489513902,0.79261324744681,1,0.833333333333333,0.987422942835463,0.926278599258912
0.896291229059534,0.985333333333333,0.850288204795698,0.856119946261737,0.817963395946934,0.909866667851268,0.79261324744681,1,0.883720930232558,0.992276397520044,0.948121740203509
0.714793041875294,0.941333333333333,0.732368787044925,0.739969855662483,0.788960401240424,0.770306507822952,0.79261324744681,1,0.853658536585366,0.933238280353738,0.788729715637603
0.212644369129793,0.626,0.306564429063615,0.386810216604135,0.156249960098721,0.199291019195158,0.12505406482765,0,0.25,0.0116821502299503,0.132338073696051
0.866999627939408,0.87,0.736054914082768,0.537527415051141,0.91850385490699,0.873113420936016,0.348740416630885,0,0.785714285714286,0.812865785660329,0.885497743328031
0.136930912769896,0.0406666666666667,0.145640393466299,0.209098994402112,0.124631496174189,0.149777741739082,0.348740416630885,0,0.1,0.0177659697978046,0.10287776916383
0.739658665314766,0.948666666666667,0.75806568941071,0.692933665968301,0.789885229794272,0.809452057265428,0.79261324744681,1,0.714285714285714,0.95861344613179,0.849150120702797
0.185270203905965,0.016,0.14532875514317,0.15595153940396,0.137134434678656,0.196269676023387,0.348740416630885,0,0.186046511627907,0.0631176508310887,0.149774531028823
0.588200478718186,0.276666666666667,0.394687641530894,0.51462263203857,0.555560974090968,0.656397821883095,0.79261324744681,1,0.65,0.852226440198348,0.662373747586432
0.515061473112178,0.566,0.508399153694171,0.447860466408113,0.460467243241405,0.564563987193272,0.348740416630885,0,0.585365853658537,0.63185004284371,0.543167163287819
0.840793891182291,0.995333333333333,0.812258964362404,0.85579452188059,0.817559366047184,0.870838504269448,0.79261324744681,1,0.875,0.982622322924192,0.904240550128621
0.870325695389254,0.994666666666667,0.845840232534672,0.824633726957553,0.817921370731702,0.894531631760695,0.79261324744681,1,0.8,0.989109862695062,0.933263739448204
0.627469469042532,0.636,0.458590044334518,0.563546727356974,0.557317816826533,0.678113571682675,0.79261324744681,1,0.75,0.843064409780505,0.670276761049873
0.527679560874466,0.519333333333333,0.517311368320863,0.459227672563763,0.474435397227838,0.577316682833479,0.348740416630885,0,0.575,0.649429135337912,0.556415825711258
0.910643988666477,1,0.903586848233468,0.914385016696746,0.814496515019072,0.914953727328075,0.79261324744681,1,0.952380952380952,0.99199304241962,0.949842575809257
0.161753589294063,0.408,0.337255234926405,0.50336704820207,0.643677992002371,0.146413114577476,0.12505406482765,0,0.275,0.000000573280533997985,0.132606026764006
0.0640728441283502,0.0386666666666667,0.075760048082698,0.13355093862055,0.0711903479407695,0.0835912010151223,0.12505406482765,0,0.1,0.00392247739334322,0.0412452291038699
0.819423216367067,0.985333333333333,0.778461455420937,0.823505097009664,0.816027826584845,0.856640253912493,0.79261324744681,1,0.875,0.978751278969859,0.889404219534398
0.173374745846652,0.0126666666666667,0.180751442829517,0.304008963470538,0.13759866150376,0.166055407983157,0.12505406482765,0,0.25,0.00841170249132881,0.104510211127733
0.767794170160383,0.992666666666667,0.745570490966973,0.727675903784387,0.798776022579607,0.829077242379189,0.79261324744681,1,0.725,0.967851338421094,0.868588635306675
0.905322389306195,0.992,0.883964333829276,0.867772811191892,0.817264753770351,0.915122121923487,0.79261324744681,1,0.880952380952381,0.993222964733827,0.953141929931878
0.0362221960867558,0,0.0659270337863575,0.0901428072981165,0.057568677881396,0.0580520238524025,0.12505406482765,0,0.0487804878048781,0.000457212888440248,0.0185590705018486
0.729803883004368,0.606666666666667,0.774144345844382,0.679510858820441,0.786471659819138,0.802391442677418,0.79261324744681,1,0.731707317073171,0.954917714395747,0.842164509887735
0.122772266132865,0.0366666666666667,0.218306240606865,0.163415420606672,0.111748292862937,0.125067617924278,0.12505406482765,0,0.19047619047619,0.00471359853408306,0.0706783273082669
0.127526782134054,0.00266666666666667,0.0969963524170976,0.16824914160412,0.102993686193392,0.136508989493662,0.12505406482765,0,0.15,0.0159690523355686,0.0876102874426624
0.297111766033587,0.283333333333333,0.324073202340534,0.288713860982576,0.168652571259985,0.291642640976796,0.12505406482765,0,0.25,0.0746574698946227,0.228100989798699
0.809803621810565,0.887333333333333,0.778022662408729,0.769452327427746,0.809464644201655,0.856976676672957,0.79261324744681,1,0.775,0.978576821754829,0.896244933033963
0.847446756505808,0.959333333333333,0.841176440968871,0.86555528990486,0.817834506508333,0.875182759271759,0.79261324744681,1,0.880952380952381,0.983719724543446,0.908776350231442
0.133259862745309,0.00266666666666667,0.0956982777300177,0.172501571960507,0.105575436880255,0.141406853600891,0.12505406482765,0,0.13953488372093,0.0173849103816265,0.0919846099419325
0.852222421277645,0.944666666666667,0.845399277823656,0.806382337584689,0.816440939109339,0.883591140682227,0.79261324744681,1,0.878048780487805,0.986465137291778,0.922538865080216
0.0555552422326953,0.0246666666666667,0.075760048082698,0.134839987044911,0.066491862141314,0.0765715515878159,0.12505406482765,0,0.1,0.00287914945395853,0.035342527643809
0.067621549080717,0.0246666666666667,0.126925509717094,0.0818778668987148,0.0791542315049761,0.0823169364531763,0.12505406482765,0,0.0714285714285714,0.00159933591489382,0.0365376713513281
0.527679560874466,0.519333333333333,0.517311368320863,0.459227672563763,0.474435397227838,0.577316682833479,0.348740416630885,0,0.575,0.649429135337912,0.556415825711258
0.905322389306195,0.992,0.883964333829276,0.867772811191892,0.817264753770351,0.915122121923487,0.79261324744681,1,0.880952380952381,0.993222964733827,0.953141929931878
0.614153096428776,0.418,0.516703982989626,0.514817077652193,0.567434029820418,0.661918429057352,0.348740416630885,0,0.658536585365854,0.754555232299917,0.64596041601294
0.614153096428776,0.418,0.516703982989626,0.514817077652193,0.567434029820418,0.661918429057352,0.348740416630885,0,0.658536585365854,0.754555232299917,0.64596041601294
0.811819617565125,0.754,0.762830738885474,0.812176293241614,0.815260209710786,0.851495239744928,0.79261324744681,1,0.853658536585366,0.977237698358256,0.884028122209317
0.226297569450928,0.344,0.315657213778005,0.442805909692208,0.546608158281917,0.253101486886166,0.12505406482765,0,0.4,0.111856212808986,0.225389626785945
0.853869931415469,0.995333333333333,0.862448768936743,0.874623547420167,0.818002571928079,0.879344518164457,0.79261324744681,1,0.9,0.984733843796325,0.913117947853157
0.101940893742789,0.0306666666666667,0.145853059786046,0.151378893764248,0.0909159221508453,0.114924171378694,0.12505406482765,0,0.15,0.0102722363953155,0.0684457807146153
0.0773258876884142,0.088,0.0926265401397824,0.137880947525936,0.0783431626449214,0.0945066392120366,0.12505406482765,0,0.119047619047619,0.00583847447462611,0.0505948939756506
0.307779254937259,0.414666666666667,0.34813054092649,0.293286390021434,0.17244547171549,0.302050449888176,0.12505406482765,0,0.25,0.0792991984064394,0.237662727101183
0.751738364024563,0.678666666666667,0.740093117444014,0.736713340388367,0.805584022033528,0.808988219985217,0.79261324744681,1,0.707317073170732,0.962278346440238,0.839759532190304
0.847446756505808,0.959333333333333,0.841176440968871,0.86555528990486,0.817834506508333,0.875182759271759,0.79261324744681,1,0.880952380952381,0.983719724543446,0.908776350231442
0.601831842888086,0.932,0.653318768564968,0.679885596794669,0.763986328936134,0.672765485724864,0.79261324744681,1,0.731707317073171,0.866322749581505,0.686110572864011
0.0586617640482062,0.0373333333333333,0.115737948177702,0.07923057786875,0.0732133282809448,0.0754536476073494,0.12505406482765,0,0.024390243902439,0.00121624884899175,0.0312866946002808
0.882686361904853,0.926,0.864189578875855,0.907132603091049,0.817451252985894,0.897653401606654,0.79261324744681,1,0.95,0.988776220469956,0.932135004081291
0.693735807055161,0.903333333333333,0.745174535843193,0.72457245596976,0.785590455089184,0.753056304631048,0.79261324744681,1,0.8,0.923565460947584,0.770339277042505
0.786535930153662,0.863333333333333,0.754978437616232,0.722436249885115,0.711725830978143,0.832031173420578,0.79261324744681,1,0.8,0.963356739253585,0.86008258961821
0.637563812768363,0.862,0.737723844399744,0.694964297073403,0.773761371115724,0.70494187960345,0.79261324744681,1,0.7,0.891867615315766,0.719621365625235
0.122772266132865,0.0366666666666667,0.218306240606865,0.163415420606672,0.111748292862937,0.125067617924278,0.12505406482765,0,0.19047619047619,0.00471359853408306,0.0706783273082669
0.817470363688663,0.784666666666667,0.769905108333709,0.776119767532264,0.811039467173945,0.861896943391683,0.79261324744681,1,0.804878048780488,0.98019861380906,0.901118043411475
0.489783737770545,0.52,0.469258216869829,0.423542304624739,0.432318937845201,0.538747440039023,0.348740416630885,0,0.45,0.594938057864523,0.516504527855599
0.662445385083614,0.773333333333333,0.70583231036128,0.55936959591299,0.767392276042609,0.689346923642315,0.348740416630885,0,0.575,0.498186738732517,0.653809320800204
0.772447409378659,0.887333333333333,0.814998882115615,0.796311944055401,0.795255706823415,0.815355404669348,0.79261324744681,1,0.85,0.954810666730998,0.837324987765532
0.627469469042532,0.636,0.458590044334518,0.563546727356974,0.557317816826533,0.678113571682675,0.79261324744681,1,0.75,0.843064409780505,0.670276761049873
0.317353759496022,0.484666666666667,0.451390749609481,0.366528578587623,0.280779415893973,0.307897264956312,0.348740416630885,0,0.275,0.0539743496744677,0.237472524891705
0.649165565641295,0.899333333333333,0.728653638503537,0.700133921001667,0.776550336336588,0.715128459610129,0.79261324744681,1,0.75,0.899197061939162,0.730293657459
0.63921149483277,0.598,0.522322294871228,0.572871930764609,0.564303258665788,0.688976801499669,0.79261324744681,1,0.775,0.851897347515297,0.681997296643183
0.405443860842784,0.728666666666667,0.542565137821673,0.597971734225552,0.676059600581775,0.459068259008929,0.79261324744681,1,0.625,0.51967025351761,0.450289414878478
0.089446864128091,0,0.085431636838943,0.100396119143319,0.0928006762813711,0.0990683153400526,0.12505406482765,0,0.075,0.00269080409305577,0.049688461110026
0.0458481037379923,0.0206666666666667,0.075760048082698,0.146067115663223,0.0611265096692163,0.0685289656090189,0.12505406482765,0,0.0952380952380952,0.00187905277955954,0.028726137219908
0.102596183548623,0.00533333333333333,0.106623427544407,0.120300003067243,0.100516576427132,0.109248752563889,0.12505406482765,0,0.0731707317073171,0.00344261250165957,0.0578434671020893
0.1517764076612,0.00666666666666667,0.100954246301081,0.187353896168967,0.113642607048398,0.157390944555764,0.12505406482765,0,0.195121951219512,0.0222816596127523,0.106304848309149
0.0461613553789721,0.00466666666666667,0.0798429307957289,0.0808768221005897,0.0646006974115556,0.065825344968092,0.12505406482765,0,0.0487804878048781,0.000755171999840916,0.0241171466562036
0.744688236511391,0.811333333333333,0.701674880344974,0.766950582585907,0.79276387154683,0.794061517620059,0.79261324744681,1,0.804878048780488,0.945246305437385,0.814250888155979
0.136165786803257,0.394,0.328659351929855,0.499954832685571,0.643294053209061,0.127229431657326,0.12505406482765,0,0.25,0.000000398528320955654,0.109854740115034
0.840793891182291,0.995333333333333,0.812258964362404,0.85579452188059,0.817559366047184,0.870838504269448,0.79261324744681,1,0.875,0.982622322924192,0.904240550128621
0.826785137431555,0.881333333333333,0.766458491182532,0.834641506339212,0.816662493106099,0.861574367334759,0.79261324744681,1,0.878048780487805,0.980146766542816,0.894560822326654
0.61388469741997,0.898,0.64672750631063,0.684975937021527,0.767488058879724,0.683753440710289,0.79261324744681,1,0.731707317073171,0.875469396625632,0.697522264014652
0.241180793787184,0.36,0.312844234172402,0.407474578898722,0.248738671494522,0.259128161301502,0.348740416630885,0,0.375,0.0695123130744957,0.21564831426593
0.76105506758643,0.626,0.772119751862127,0.746594541681129,0.807477352512617,0.815802962705177,0.79261324744681,1,0.733333333333333,0.964988535031684,0.846832225528745
0.712106210311473,0.866666666666667,0.683535530616355,0.699900091904575,0.796033000132929,0.779043113938741,0.79261324744681,1,0.725,0.948805123041462,0.808814434474469
0.910643988666477,1,0.903586848233468,0.914385016696746,0.814496515019072,0.914953727328075,0.79261324744681,1,0.952380952380952,0.99199304241962,0.949842575809257
0.0416215810591743,0.0206666666666667,0.075760048082698,0.157008505750337,0.0588301732508129,0.0649989374249175,0.12505406482765,0,0.0731707317073171,0.00150871987029105,0.025885181028079
0.364083292504161,0.0773333333333333,0.254840401398696,0.316171561483325,0.192583614069338,0.357959325654594,0.12505406482765,0,0.275,0.105249913754103,0.28948371596848
0.612460357174661,0.252666666666667,0.421663912811425,0.538408048832763,0.574604961351951,0.678848018239196,0.79261324744681,1,0.7,0.871459802547971,0.685884378055884
0.22000642063657,0.534,0.225802732770362,0.244701142621653,0.140705249859602,0.21853610264191,0.12505406482765,0,0.186046511627907,0.04410401096476,0.161474849784846
0.572765973099895,0.900666666666667,0.59783713082973,0.642275118465499,0.782734261056467,0.620873732265576,0.79261324744681,1,0.275,0.299082273901581,0.666479379382507
0.840793891182291,0.995333333333333,0.812258964362404,0.85579452188059,0.817559366047184,0.870838504269448,0.79261324744681,1,0.875,0.982622322924192,0.904240550128621
0.589654243249667,0.906,0.626793680964756,0.674540814073501,0.760229713796271,0.661526614045462,0.79261324744681,1,0.7,0.85649119583745,0.674469276579588
0.134086416260067,0.016,0.214314749477518,0.193037573844988,0.117777705468736,0.134060735218144,0.12505406482765,0,0.2,0.00548170259089195,0.0780415719488093
0.117429251250472,0.0366666666666667,0.196965567316157,0.150638464590642,0.108837893106455,0.12085240365578,0.12505406482765,0,0.116279069767442,0.00436418498789709,0.0672421908376068
0.589928234299855,0.373333333333333,0.518809082882394,0.503327172542948,0.541978711071699,0.638746863409948,0.348740416630885,0,0.625,0.727771490123301,0.621112293738668
0.146269374535906,0.0613333333333333,0.20758988898439,0.227512628716956,0.124090516149473,0.143851572020357,0.12505406482765,0,0.2,0.00634883480169544,0.0861008457841564
0.671837644709535,0.953333333333333,0.756143291822787,0.711421726926515,0.781476330913505,0.734661588968867,0.79261324744681,1,0.775,0.912302242054419,0.750853682081084
0.12832304054126,0.008,0.202889097056424,0.177562612464247,0.114727991307936,0.129468036991021,0.12505406482765,0,0.2,0.00508577151770852,0.074276071133328
0.101940893742789,0.0306666666666667,0.145853059786046,0.151378893764248,0.0909159221508453,0.114924171378694,0.12505406482765,0,0.15,0.0102722363953155,0.0684457807146153
0.341004779949547,0.078,0.259401272849711,0.306785307349829,0.184282066550305,0.334858451828547,0.12505406482765,0,0.25,0.0943295760505421,0.267969247505503
0.0671729240059423,0.0973333333333333,0.075760048082698,0.134108893657365,0.0728840548181972,0.0861432911650053,0.12505406482765,0,0.1,0.00433935544104155,0.0434147302956214
0.203143203327173,0.339333333333333,0.21149819778026,0.231540235665812,0.134315410601907,0.203096766732036,0.12505406482765,0,0.166666666666667,0.0382051674161251,0.147499041938586
0.0210943417450918,0,0.0659270337863575,0.163862879221767,0.0474284952969177,0.0457050964736539,0.12505406482765,0,0.05,0.000138750458390296,0.0103857626295685
0.589928234299855,0.373333333333333,0.518809082882394,0.503327172542948,0.541978711071699,0.638746863409948,0.348740416630885,0,0.625,0.727771490123301,0.621112293738668
0.900898331321848,0.966,0.86841072193324,0.862096443133404,0.817659530002136,0.912551737644572,0.79261324744681,1,0.85,0.992768630211279,0.9506923766381
0.793736948893834,0.983333333333333,0.768411468699592,0.754722616520118,0.805770958812742,0.846497734188526,0.79261324744681,1,0.761904761904762,0.974860763325448,0.885858999357782
0.416583648673014,0.205333333333333,0.304720181394901,0.416203365938144,0.207367634336197,0.401753839863915,0.348740416630885,0,0.25,0.0388421402019306,0.380401230075301
0.248156650715777,0.318666666666667,0.256000148585919,0.371481185014629,0.119134143741523,0.249846956685365,0.348740416630885,0,0.25,0.0152571325796627,0.237626395678648
0.871801740015422,0.998,0.845001395748687,0.896881460467765,0.817926061601235,0.890803363982782,0.79261324744681,1,0.951219512195122,0.987342404695189,0.925041210668188
0.781213135626233,0.978,0.839096308129533,0.805940195737076,0.795830496799404,0.821929212773369,0.79261324744681,1,0.853658536585366,0.957547856051135,0.844485237297347
0.204301042259112,0.768666666666667,0.379049724312489,0.373019400800627,0.152354142711488,0.192123136727145,0.12505406482765,0,0.25,0.0109621246227372,0.126311692770268
0.0344976902180528,0,0.0659270337863575,0.0932292715987261,0.0563480144937653,0.0566846077457412,0.12505406482765,0,0.0476190476190476,0.000412307285695285,0.0176087809791329
0.172354211485403,0.126,0.141416816528201,0.205155422029415,0.122185449570594,0.175458833086325,0.12505406482765,0,0.225,0.0282688337141502,0.122553575782683
0.840793891182291,0.995333333333333,0.812258964362404,0.85579452188059,0.817559366047184,0.870838504269448,0.79261324744681,1,0.875,0.982622322924192,0.904240550128621
0.897506521871845,1,0.905037081517659,0.915263863321778,0.816219370526927,0.906869727440742,0.79261324744681,1,0.952380952380952,0.990561067463854,0.941615330998245
0.157645858549216,0.0953333333333333,0.158868010396063,0.199044432886402,0.0707088724068856,0.14380169294028,0.12505406482765,0,0.292682926829268,0.00150152621254559,0.101269246264915
0.932896972019808,0.935333333333333,0.804916321608558,0.659653326175027,0.784085351690596,0.925227895366721,0.79261324744681,1,0.952380952380952,0.988134617477086,0.956172787741703
0.866043107319718,0.988,0.8515435720211,0.890346073093603,0.818042268277397,0.887148092684691,0.79261324744681,1,0.902439024390244,0.986539174432103,0.921244043299092
0.0737943085557446,0.294666666666667,0.0920075839335441,0.13632778945517,0.0764608839572859,0.0915956883618432,0.12505406482765,0,0.1,0.00529414850101095,0.0480846248813574
0.22000642063657,0.534,0.225802732770362,0.244701142621653,0.140705249859602,0.21853610264191,0.12505406482765,0,0.186046511627907,0.04410401096476,0.161474849784846
0.193961979973216,0.0306666666666667,0.123876922473603,0.319257782295669,0.229133347621183,0.206975410510253,0.12505406482765,0,0.25,0.0691699264786464,0.164068456589203
0.833907757016754,0.97,0.787257269626058,0.845448959033018,0.817170833534466,0.86630473745321,0.79261324744681,1,0.878048780487805,0.981434093453808,0.899504161789195
0.140067048708046,0.098,0.218967535141551,0.209741290068682,0.120898244804367,0.138852853814616,0.12505406482765,0,0.2,0.00590239150557567,0.0819810631265413
0.0396505910209599,0.0206666666666667,0.075760048082698,0.164028568121609,0.05777845178293,0.0633440070460376,0.12505406482765,0,0.0731707317073171,0.0013498303313939,0.0245691596726757
0.111579497387059,0.217333333333333,0.148702151715719,0.157359235622761,0.0955781362732905,0.123005531242497,0.12505406482765,0,0.125,0.0122950562659248,0.0755953590201574
0.107346383742853,0.12,0.131403405119421,0.129136838969456,0.103222548445508,0.112949773633215,0.12505406482765,0,0.0714285714285714,0.00372967072150442,0.060830642436013
0.276433059656564,0.0453333333333333,0.24233514408419,0.279128443459641,0.161279724128973,0.271657700970476,0.12505406482765,0,0.25,0.0659303463135853,0.209801433347023
0.614153096428776,0.418,0.516703982989626,0.514817077652193,0.567434029820418,0.661918429057352,0.348740416630885,0,0.658536585365854,0.754555232299917,0.64596041601294
0.732387617749184,0.644,0.660210037136755,0.71789488037779,0.801219466838766,0.794562508515432,0.79261324744681,1,0.707317073170732,0.956115639251175,0.824824526279387
0.098033100340008,0.000666666666666667,0.0974415694778802,0.112629039783122,0.0978778343474955,0.105705759661749,0.12505406482765,0,0.075,0.00317440509344735,0.0549943916560282
0.552794083390938,0.564,0.535401001982066,0.479608769779812,0.501998712914479,0.602409980495644,0.348740416630885,0,0.609756097560976,0.682711920096269,0.582655918200918
0.195080300323882,0.374666666666667,0.230228309921383,0.224848526307498,0.131202740983987,0.195789513054003,0.12505406482765,0,0.175,0.0354958109154578,0.140894373655273
0.228806697651285,0.151333333333333,0.208114774796254,0.251049120063094,0.143984427448273,0.226675851439517,0.12505406482765,0,0.175,0.0473024456367334,0.168854645749112
0.0244653430769556,0,0.0659270337863575,0.133307326680185,0.0494872911931385,0.0485446134244194,0.12505406482765,0,0.0476190476190476,0.000194406790898978,0.012172929026909
0.0481117319127677,0.0206666666666667,0.075760048082698,0.142029247461732,0.0623712462654056,0.0704110925499057,0.12505406482765,0,0.0952380952380952,0.00209381577262957,0.0302579156784919
0.860067318399707,0.738666666666667,0.836057867311959,0.882910181565244,0.818069783392237,0.883330697172851,0.79261324744681,1,0.902439024390244,0.985671565919395,0.917271726266772
0.209923817774122,0.363333333333333,0.228660046591506,0.238179396174001,0.137482609519022,0.206385243153761,0.12505406482765,0,0.166666666666667,0.0410730251718265,0.154357687942149
0.727112224984429,0.748,0.692823500069021,0.748504190186634,0.790387008897899,0.778676543255894,0.79261324744681,1,0.878048780487805,0.937549156056687,0.797511660499975
0.762794603365674,0.632,0.772626254256442,0.746594541681129,0.807477352512617,0.815433368942125,0.79261324744681,1,0.739130434782609,0.964988535031684,0.846832225528745
0.172172940706774,0.00933333333333333,0.181005793192959,0.304008963470538,0.13759866150376,0.165590974094498,0.12505406482765,0,0.25,0.00841170249132881,0.104510211127733
0.0652504979216699,0.0873333333333333,0.0758742035894099,0.134108893657365,0.0728840548181972,0.0808032685369393,0.12505406482765,0,0.1,0.00433935544104155,0.0434147302956214
0.719128073988912,0.501333333333333,0.722506036115729,0.582340969467634,0.804739750091841,0.788142273738677,0.79261324744681,1,0.744186046511628,0.548158873859992,0.800301231135158
0.100903575017634,0.00866666666666667,0.106505587492039,0.120300003067243,0.100516576427132,0.106374056198737,0.12505406482765,0,0.075,0.00344261250165957,0.0578434671020893
0.821703604164175,0.988666666666667,0.775621304279111,0.823505097009664,0.816027826584845,0.858495046428785,0.79261324744681,1,0.875,0.978751278969859,0.889404219534398
0.849868808751286,0.969333333333333,0.841837287094492,0.86555528990486,0.817834506508333,0.877761594705473,0.79261324744681,1,0.875,0.983719724543446,0.908776350231442
0.80613863221723,0.962666666666667,0.781435404486882,0.800788303561246,0.814352908316359,0.847489560214086,0.79261324744681,1,0.829268292682927,0.975595141365534,0.878426413019248
0.860421429999025,0.972,0.843390416220546,0.812369250630403,0.817069216402229,0.888933856743365,0.79261324744681,1,0.857142857142857,0.987422942835463,0.926278599258912
0.614417649387305,0.884666666666667,0.63961510442799,0.684975937021527,0.767488058879724,0.677327836570337,0.79261324744681,1,0.731707317073171,0.875469396625632,0.697522264014652
0.522098644200808,0.378666666666667,0.571810152904213,0.501813590244315,0.717797386137216,0.59866597354863,0.79261324744681,1,0.609756097560976,0.814755271357361,0.642415864129949
0.768131427583954,0.774666666666667,0.673691813629772,0.69891474860688,0.634803706529614,0.805274674111946,0.79261324744681,1,0.9,0.923552872554786,0.803025261798274
0.808874002942161,0.954,0.808873120374196,0.832030975620782,0.796889959998274,0.843380351229357,0.79261324744681,1,0.878048780487805,0.964634915804046,0.864428897411819
0.737193078153484,0.838666666666667,0.709819346913625,0.757527909865898,0.791652181226442,0.787060513639017,0.79261324744681,1,0.8,0.941543964458409,0.806018342371366
0.0608972674486741,0,0.0809813785919157,0.151853734725814,0.0421385568840328,0.079380936642797,0.12505406482765,0,0.195121951219512,0.000275263747761394,0.0371914564186938
0.816695900061968,0.675333333333333,0.796334708527418,0.839302557158348,0.797045056214887,0.84918063307412,0.79261324744681,1,0.878048780487805,0.966668820638581,0.87058054336617
0.845503429062445,0.994666666666667,0.870552700352294,0.858371250199647,0.796855978994303,0.869978012478017,0.79261324744681,1,0.951219512195122,0.973472660901872,0.892852643843643
0.490988458418299,0.310666666666667,0.319681706539732,0.467860772523707,0.468502417600463,0.539288830025093,0.79261324744681,1,0.675,0.703327397685189,0.530118725257277
0.902917907552172,0.966666666666667,0.869861994357598,0.862096443133404,0.817659530002136,0.914878622600499,0.79261324744681,1,0.853658536585366,0.992768630211279,0.9506923766381
0.6747245343256,0.302666666666667,0.607989508316021,0.534501152271668,0.625843591146322,0.725124085580886,0.348740416630885,0,0.738095238095238,0.810735805526548,0.704531996967179
0.110621847114826,0.142,0.19889974044471,0.139226480464459,0.10599616168225,0.114144694984863,0.12505406482765,0,0.0714285714285714,0.00403653731782573,0.0639616098515392
0.0526517843385585,0.034,0.0760981462792536,0.165143440157016,0.0400929235412141,0.0725079969109172,0.12505406482765,0,0.170731707317073,0.000206142365570696,0.0318496275844998
0.783889845328105,0.974666666666667,0.84039845367936,0.805940195737076,0.795830496799404,0.824402932544328,0.79261324744681,1,0.853658536585366,0.957547856051135,0.844485237297347
0.856311011957562,0.994666666666667,0.864661504302541,0.874623547420167,0.818002571928079,0.882055823504097,0.79261324744681,1,0.902439024390244,0.984733843796325,0.913117947853157
0.651766260773582,0.386,0.655278688724822,0.527533642496137,0.60344137067971,0.703775682249887,0.348740416630885,0,0.707317073170732,0.790030263711913,0.681769512534679
0.0543948794579348,0.000666666666666667,0.0937085862066286,0.0790039815881964,0.0713625295553082,0.0701890458395853,0.12505406482765,0,0.0238095238095238,0.00110791014297347,0.0297044304845432
0.114545920625626,0.153333333333333,0.119678117821091,0.160704225947472,0.0979943892940022,0.121274011788106,0.12505406482765,0,0.125,0.0134293719212956,0.0794220043128465
0.0405425825700149,0.000666666666666667,0.0693056334464535,0.0835193708361971,0.0616005831975566,0.0595291333222824,0.12505406482765,0,0.05,0.000619708680047573,0.0217218161315328
0.132530806692313,0.0133333333333333,0.216762068589772,0.193037573844988,0.117777705468736,0.132003561123696,0.12505406482765,0,0.2,0.00548170259089195,0.0780415719488093
0.036726631112337,0,0.0666205538997795,0.0875284968016773,0.058850723086464,0.0565687274301666,0.12505406482765,0,0.0476190476190476,0.000506499264981496,0.0195596230298468
0.0246476993367468,0,0.0666205538997795,0.12513416686143,0.0502897583141174,0.0470125412696005,0.12505406482765,0,0.0476190476190476,0.00021710254178582,0.0128336953442724
0.840849796414436,0.86,0.843101053208692,0.79454121823994,0.814750423017673,0.8764520083777,0.79261324744681,1,0.80952380952381,0.984282265613896,0.914533975812109
0.318673495237418,0.224666666666667,0.287577834059083,0.297783665428841,0.176312827049319,0.313897109584048,0.12505406482765,0,0.25,0.0841260182216031,0.247496766198023
0.164968509293322,0.00933333333333333,0.176967660552963,0.284717356146366,0.134108328178516,0.159362677436679,0.12505406482765,0,0.232558139534884,0.00785250886907358,0.0996055752600528
0.179624320798809,0.0306666666666667,0.265075358212603,0.32281601139565,0.14116682391322,0.172090798772043,0.12505406482765,0,0.25,0.00900141252330321,0.109626949546758
0.0811162338398739,0.0493333333333333,0.0906907284210722,0.14314177859069,0.0477040056022845,0.0963568690600555,0.12505406482765,0,0.225,0.000477677048786944,0.0505652093137604
0.605071048345106,0.574,0.452772177344285,0.546045921432028,0.542793297388564,0.657240188030388,0.79261324744681,1,0.804878048780488,0.82368218800601,0.646200530363485
0.849868808751286,0.969333333333333,0.841837287094492,0.86555528990486,0.817834506508333,0.877761594705473,0.79261324744681,1,0.875,0.983719724543446,0.908776350231442
0.193378567100996,0.344666666666667,0.233487150379563,0.224848526307498,0.131202740983987,0.190949855406333,0.12505406482765,0,0.175,0.0354958109154578,0.140894373655273
0.600858182317348,0.273333333333333,0.40391005742244,0.526380153307857,0.565195224501066,0.665724505635371,0.79261324744681,1,0.675,0.862184167443463,0.67423867584954
0.0659942482606948,0.024,0.1248631918702,0.0818778668987148,0.0791542315049761,0.0791032659654718,0.12505406482765,0,0.0487804878048781,0.00159933591489382,0.0365376713513281
0.381840932676391,0.816666666666667,0.560362233886991,0.561295680354308,0.688115762120182,0.444018874220373,0.79261324744681,1,0.5,0.0871145098570757,0.441354626427367
0.380551120978334,0.348666666666667,0.354454580055471,0.505442974162766,0.366954243440829,0.444269773512109,0.79261324744681,1,0.375,0.0851267036243666,0.427943884560425
0.07616123312743,0,0.0851988976824072,0.0883637951642393,0.085681780593188,0.0869586688497053,0.12505406482765,0,0.075,0.00208399135203574,0.0426311575031726
0.75336723801012,0.684666666666667,0.743479719490826,0.736713340388367,0.805584022033528,0.808179906850366,0.79261324744681,1,0.744186046511628,0.962278346440238,0.839759532190304
0.708628159033856,0.774666666666667,0.731273136479287,0.586162739258011,0.80386408528293,0.77979973785542,0.79261324744681,1,0.7,0.529682450224777,0.7916086569418
0.940574791443799,0.889333333333333,0.898367901594359,0.857533017808452,0.808535106490701,0.935147156481956,0.79261324744681,1,0.95,0.994610605271349,0.966733103023162
0.286160641305754,0.214,0.284838670266387,0.284010943175076,0.164931488029032,0.280765326439997,0.12505406482765,0,0.25,0.0702012695153589,0.218813526034104
0.816695900061968,0.675333333333333,0.796334708527418,0.839302557158348,0.797045056214887,0.84918063307412,0.79261324744681,1,0.878048780487805,0.966668820638581,0.87058054336617
0.706241694982092,0.978666666666667,0.753631465232214,0.731983825773901,0.787364281952591,0.760956119984255,0.79261324744681,1,0.804878048780488,0.928586054431447,0.779672120474718
0.89788853178708,0.9,0.875295826062251,0.525226507636848,0.801036219381286,0.911357077448965,0.79261324744681,1,0.85,0.842556108998992,0.935406527900896
0.0621840655026718,0.0326666666666667,0.0758742035894099,0.13355093862055,0.0711903479407695,0.0783414437737929,0.12505406482765,0,0.0975609756097561,0.00392247739334322,0.0412452291038699
0.170450942004674,0.112,0.143303406006781,0.205155422029415,0.122185449570594,0.170017309028925,0.12505406482765,0,0.219512195121951,0.0282688337141502,0.122553575782683
0.494020242177129,0.292,0.332649411945071,0.380892669543813,0.40057125335459,0.529825678446115,0.348740416630885,0,0.5,0.518072570809563,0.485254903773551
0.37769588817739,0.388,0.481748204209474,0.61284358124001,0.721828669723539,0.453671363602574,0.79261324744681,1,0.5,0.0938277518171604,0.47237152446732
0.749203860848839,0.616666666666667,0.712508191315568,0.57301519858076,0.806690487160954,0.811319738117859,0.79261324744681,1,0.780487804878049,0.601163879375789,0.82473519232437
0.193378567100996,0.344666666666667,0.233487150379563,0.224848526307498,0.131202740983987,0.190949855406333,0.12505406482765,0,0.175,0.0354958109154578,0.140894373655273
0.780893762438269,0.989333333333333,0.78159368673165,0.767411866814138,0.81072383564457,0.829075299902071,0.79261324744681,1,0.825,0.96976861240012,0.860208910363728
0.518349727065034,0.794666666666667,0.67960763105356,0.606064346403018,0.63537333847433,0.557573618528984,0.348740416630885,0,0.613636363636364,0.326233206170644,0.498370294955153
0.933476143093372,1,0.911183537159095,0.892284702822782,0.812422317494791,0.932809698635949,0.79261324744681,1,0.930232558139535,0.995578219944163,0.967306583120339
0.745996386269147,0.788,0.704771697762191,0.694372801788526,0.668654530275934,0.795277226536926,0.79261324744681,1,0.837209302325581,0.942691771411822,0.805854104948291
0.633452727761346,0.616,0.63680580854703,0.493109390220545,0.487135536208195,0.672756585702475,0.79261324744681,1,0.7,0.738628545221362,0.642078636115238
0.218577612881845,0.543333333333333,0.231231883498778,0.244701142621653,0.140705249859602,0.214565257550755,0.12505406482765,0,0.19047619047619,0.04410401096476,0.161474849784846
0.832245254778367,0.836666666666667,0.78462703765175,0.566215059296318,0.78778037816846,0.861467700817345,0.79261324744681,1,0.75,0.643216704396339,0.904294062179554
0.656982946608761,0.638666666666667,0.640410423528245,0.512924431353161,0.497462427824791,0.695761317109848,0.79261324744681,1,0.725,0.760334452043664,0.666290510125548
0.466996022313125,0.725333333333333,0.547401772050835,0.600477161660792,0.575563694695746,0.50234551551699,0.348740416630885,0,0.48780487804878,0.269595173298072,0.445064221857028
0.069234698181073,0.0166666666666667,0.102682093121113,0.0835428838006822,0.0812646680032478,0.0816012099126985,0.12505406482765,0,0.0697674418604651,0.00174863420262012,0.0384694902837211
0.121669312863287,0.104,0.138835765671502,0.230362769774075,0.135284350206677,0.13597730533028,0.12505406482765,0,0.24390243902439,0.0019912369320958,0.0935342141392437
0.756622410538395,0.672,0.729400636002941,0.77665327086295,0.793729908341157,0.802896090876422,0.79261324744681,1,0.80952380952381,0.948678159323746,0.822211113015865
0.329938200835173,0.181333333333333,0.283739214981447,0.302263845880218,0.180257400764575,0.325539844513256,0.12505406482765,0,0.25,0.0891367756771225,0.257600219703447
0.0837183993850591,0,0.084757529001651,0.0956364194786556,0.0903616950461901,0.0928383029415124,0.12505406482765,0,0.075,0.00247359393972943,0.0472209279178845
0.139372905866768,0.34,0.242298885296559,0.392998858705779,0.112154200519363,0.146885170266342,0.12505406482765,0,0.25,0.0000000421247361686152,0.0705971665087955
0.164968509293322,0.00933333333333333,0.176967660552963,0.284717356146366,0.134108328178516,0.159362677436679,0.12505406482765,0,0.232558139534884,0.00785250886907358,0.0996055752600528
0.797977675822516,0.994,0.79256575895637,0.789464101338634,0.81329907473716,0.841613965390869,0.79261324744681,1,0.857142857142857,0.97381168535012,0.872593123919595
0.901487293515769,0.798,0.864833437105844,0.815991639168088,0.792858164856742,0.908054405141709,0.79261324744681,1,0.902439024390244,0.984028934415787,0.93434941133223
0.0301056249956885,0,0.0666205538997795,0.101051053057336,0.0540891605160106,0.0513770857967855,0.12505406482765,0,0.0465116279069767,0.000334283844418063,0.0158493670588458
0.886307146838923,0.890666666666667,0.841867806371107,0.566082706037324,0.833299594494889,0.90756050197106,0.79261324744681,1,0.8,0.861539359043633,0.936484558688764
0.934560641584987,0.881333333333333,0.898367901594359,0.880561510840356,0.810129273583571,0.931481618955024,0.79261324744681,1,0.95,0.99408483070408,0.963112665845898
0.46533816448333,0.306666666666667,0.28606618961782,0.447787590906277,0.450215818380951,0.511611293569106,0.79261324744681,1,0.634146341463415,0.668506167780815,0.503390812121425
0.816695900061968,0.675333333333333,0.796334708527418,0.839302557158348,0.797045056214887,0.84918063307412,0.79261324744681,1,0.878048780487805,0.966668820638581,0.87058054336617
0.723606537014219,0.844666666666667,0.667451770843418,0.708837759229624,0.798732864671886,0.784610882323002,0.79261324744681,1,0.725,0.952616730388687,0.816955263292386
0.286160641305754,0.214,0.284838670266387,0.284010943175076,0.164931488029032,0.280765326439997,0.12505406482765,0,0.25,0.0702012695153589,0.218813526034104
0.919510501194157,0.935333333333333,0.867860069511004,0.882131978135628,0.815590793030985,0.924664097200189,0.79261324744681,1,0.902439024390244,0.994389236196167,0.959814229660737
0.104523428289487,0.411333333333333,0.154355999651431,0.154260160714252,0.0932184063326957,0.112874932038198,0.12505406482765,0,0.15,0.011244311427136,0.0719386781923333
0.768024652403182,0.741333333333333,0.724972859365077,0.568343302986616,0.807471842233269,0.825288434609482,0.79261324744681,1,0.780487804878049,0.634142137292287,0.839676334197003
0.154093066538403,0.0566666666666667,0.206320307527936,0.138011663023044,0.118575211464789,0.161756719721996,0.348740416630885,0,0.121951219512195,0.0449099716789007,0.124500429731741
0.149737068937654,0.00266666666666667,0.101372242194227,0.187353896168967,0.113642607048398,0.151575330581209,0.12505406482765,0,0.175,0.0222816596127523,0.106304848309149
0.0349505507183438,0,0.0666205538997795,0.0901428072981165,0.057568677881396,0.0551841238192018,0.12505406482765,0,0.0476190476190476,0.000457212888440248,0.0185590705018486
0.195277668646136,0.442666666666667,0.353905576992723,0.35761139473111,0.148542880197037,0.185936113544047,0.12505406482765,0,0.25,0.0102758193573546,0.120521620688615
0.814046739892906,0.737333333333333,0.757593151703608,0.812176293241614,0.815260209710786,0.85311376045207,0.79261324744681,1,0.875,0.977237698358256,0.884028122209317
0.0891176363082727,0,0.074429010882334,0.145447763502625,0.0500491468055289,0.103153359810543,0.12505406482765,0,0.170731707317073,0.00056942610740747,0.0559592495185752
0.0447366034732231,0.004,0.0827914412721457,0.0808768221005897,0.0646006974115556,0.0627663678459942,0.12505406482765,0,0.05,0.000755171999840916,0.0241171466562036
0.0746082104833213,0.084,0.101176457111927,0.238290648843452,0.0410512942563709,0.0881710321238692,0.12505406482765,0,0.0975609756097561,0.000131416705198992,0.0384466316588659
0.218577612881845,0.543333333333333,0.231231883498778,0.244701142621653,0.140705249859602,0.214565257550755,0.12505406482765,0,0.19047619047619,0.04410401096476,0.161474849784846
0.0585800668879263,0.006,0.0904757824931803,0.260214418025266,0.125350071778309,0.0775906220701869,0.12505406482765,0,0.125,0.00535993421640522,0.0465300222926036
0.528492986521749,0.135333333333333,0.295807375704048,0.399529799164981,0.256310041687125,0.538001628254016,0.12505406482765,0,0.45,0.190459262962066,0.449666266284666
0.353053371262585,0.074,0.245902684624546,0.311404072905338,0.188389790902037,0.349661665294201,0.12505406482765,0,0.25,0.0997017646628559,0.278599024796459
0.0580227152734755,0,0.0815561911343027,0.155625890851887,0.0414056615797984,0.0769834363865869,0.12505406482765,0,0.175,0.000250221426900531,0.0353214588099221
0.199579495674072,0.0153333333333333,0.124552657431343,0.321590170586042,0.233638876135322,0.203877504401637,0.12505406482765,0,0.25,0.0750129741404939,0.171542537426794
0.0726218891852871,0,0.0861546655345831,0.0856837385992779,0.08344046170113,0.0842177344572651,0.12505406482765,0,0.0731707317073171,0.00190993163049836,0.0404991548847654
0.777867913134602,0.961333333333333,0.73850167481227,0.737469496694045,0.80130999094692,0.833610955611204,0.79261324744681,1,0.725,0.970404637692419,0.874578916044715
0.780893762438269,0.989333333333333,0.78159368673165,0.767411866814138,0.81072383564457,0.829075299902071,0.79261324744681,1,0.825,0.96976861240012,0.860208910363728
0.0628952152555101,0.107333333333333,0.130179310626053,0.0806337390129188,0.077108982562391,0.0767183139942293,0.12505406482765,0,0.025,0.00146130310156631,0.0346993615358476
0.515320699716856,0.546666666666667,0.515742399244982,0.447860466408113,0.460467243241405,0.566905588896011,0.348740416630885,0,0.55,0.63185004284371,0.543167163287819
0.131142481344151,0.00133333333333333,0.0959724317432484,0.172501571960507,0.105575436880255,0.135404220828547,0.12505406482765,0,0.142857142857143,0.0173849103816265,0.0919846099419325
0.691724165104449,0.772,0.622437490653402,0.681942859317832,0.789962067964424,0.75822377973997,0.79261324744681,1,0.7,0.940127531475634,0.791710611445354
0.830053205808408,0.597333333333333,0.727118245539448,0.657463303048315,0.806143683778989,0.860233397348385,0.348740416630885,0,0.8,0.936898602251181,0.87034373148306
0.877935620696527,0.942,0.831688118136835,0.830913376741106,0.818156927663057,0.89980432139528,0.79261324744681,1,0.825,0.989852279308695,0.936521317144841
0.829111372574505,0.880666666666667,0.76739614586754,0.834641506339212,0.816662493106099,0.863641954678652,0.79261324744681,1,0.853658536585366,0.980146766542816,0.894560822326654
0.62652324878164,0.638666666666667,0.632976048666807,0.689955602339994,0.770743513467658,0.688863774196692,0.79261324744681,1,0.731707317073171,0.883971206614966,0.708695222010125
0.625426628293345,0.881333333333333,0.757744047359938,0.451227535356725,0.663860317675224,0.685709042704845,0.79261324744681,1,0.51219512195122,0.199981552142565,0.658437802626009
0.75336723801012,0.684666666666667,0.743479719490826,0.736713340388367,0.805584022033528,0.808179906850366,0.79261324744681,1,0.744186046511628,0.962278346440238,0.839759532190304
0.509259489376836,0.294,0.565520457323574,0.486874146988111,0.710424003117722,0.585380029058091,0.79261324744681,1,0.609756097560976,0.799439549339778,0.630027884058734
0.899913384372434,1,0.903449949460484,0.915263863321778,0.816219370526927,0.910128762069528,0.79261324744681,1,0.926829268292683,0.990561067463854,0.941615330998245
0.0543948794579348,0.000666666666666667,0.0937085862066286,0.0790039815881964,0.0713625295553082,0.0701890458395853,0.12505406482765,0,0.0238095238095238,0.00110791014297347,0.0297044304845432
0.0246476993367468,0,0.0666205538997795,0.12513416686143,0.0502897583141174,0.0470125412696005,0.12505406482765,0,0.0476190476190476,0.00021710254178582,0.0128336953442724
0.0201586891708705,0,0.0666205538997795,0.163862879221767,0.0474284952969177,0.0433294882482173,0.12505406482765,0,0.05,0.000138750458390296,0.0103857626295685
0.893524104619065,0.971333333333333,0.841707717106963,0.849932518728662,0.818170730192786,0.909264463658137,0.79261324744681,1,0.86046511627907,0.991742735374975,0.94542477797766
0.201524279936657,0.305333333333333,0.219169704324195,0.231540235665812,0.134315410601907,0.19851524695244,0.12505406482765,0,0.170731707317073,0.0382051674161251,0.147499041938586
0.597945570016269,0.906,0.657604290245007,0.59255940111689,0.755602173078988,0.673856667546398,0.79261324744681,1,0.675,0.886013783244213,0.712393584889938
0.653931175312226,0.774,0.686980115540345,0.568270316562721,0.755714539728285,0.73607620250149,0.79261324744681,1,0.65,0.916774297103856,0.785788008813175
0.605071048345106,0.574,0.452772177344285,0.546045921432028,0.542793297388564,0.657240188030388,0.79261324744681,1,0.804878048780488,0.82368218800601,0.646200530363485
0.318673495237418,0.224666666666667,0.287577834059083,0.297783665428841,0.176312827049319,0.313897109584048,0.12505406482765,0,0.25,0.0841260182216031,0.247496766198023
0.161653732097234,0.0333333333333333,0.173860209793605,0.305342805762264,0.211035742000459,0.167971202835893,0.12505406482765,0,0.225,0.0493082224322808,0.13677030245061
0.451218651321196,0.192666666666667,0.284162530671879,0.386405946541357,0.390081658075647,0.497977587414514,0.348740416630885,0,0.475,0.535760105169994,0.476381561887819
0.334749242912848,0.237333333333333,0.237224081877196,0.393422822495056,0.337356051005569,0.354481989260862,0.79261324744681,1,0.425,0.340350599761239,0.331747429855433
0.669377802929709,0.859333333333333,0.628149086033985,0.663063150091529,0.782943856897241,0.7390275598725,0.79261324744681,1,0.65,0.92982636962741,0.773505138050753
0.826603548176999,0.994666666666667,0.838784772754459,0.782459078555202,0.812441259680856,0.86712898910314,0.79261324744681,1,0.8,0.981681916665216,0.905786335955037
0.723606537014219,0.844666666666667,0.667451770843418,0.708837759229624,0.798732864671886,0.784610882323002,0.79261324744681,1,0.725,0.952616730388687,0.816955263292386
0.0349505507183438,0,0.0666205538997795,0.0901428072981165,0.057568677881396,0.0551841238192018,0.12505406482765,0,0.0476190476190476,0.000457212888440248,0.0185590705018486
0.680654731654707,0.756,0.618659062348357,0.672680521085831,0.786575278232112,0.748786841682404,0.79261324744681,1,0.7,0.935197469512068,0.782745611928687
0.628080770055957,0.441333333333333,0.591836080138114,0.519531794008006,0.57974193179434,0.681199054055416,0.348740416630885,0,0.707317073170732,0.766992976578508,0.658104419311132
0.0919507970706126,0,0.0896333111576423,0.106027594567684,0.095305968807075,0.0992916323821912,0.12505406482765,0,0.075,0.00292410877848484,0.0522778605898784
0.893524104619065,0.971333333333333,0.841707717106963,0.849932518728662,0.818170730192786,0.909264463658137,0.79261324744681,1,0.86046511627907,0.991742735374975,0.94542477797766
0.765964002755292,0.777333333333333,0.766085985657264,0.786493503757157,0.794557994434616,0.810358272191996,0.79261324744681,1,0.837209302325581,0.951859958870078,0.82990146807738
0.262092323571528,0.251333333333333,0.241898643730969,0.417885387616723,0.258323888192661,0.297221953076797,0.79261324744681,1,0.35,0.0288385473504737,0.268135930132639
0.60926836413598,0.489333333333333,0.521778696865155,0.474296021928412,0.476544254598478,0.648624121560364,0.79261324744681,1,0.65,0.714875567804759,0.617119556882538
0.0303061876560518,0.0273333333333333,0.0986997941340367,0.369452029420678,0.0638107601017704,0.053672909102496,0.12505406482765,0,0.255813953488372,0.0000000038378917703245,0.0135133471377352
0.91697227018686,1,0.9002290164943,0.911944245152082,0.813837733092842,0.920715062248176,0.79261324744681,1,0.952380952380952,0.992405644148878,0.952332229580717
0.376552259300389,0.152666666666667,0.236669291264295,0.33274429984103,0.308983781559483,0.415634062496869,0.348740416630885,0,0.478260869565217,0.409499347548691,0.397542194811196
0.0599323720747688,0.144,0.127019823569364,0.0797639900439215,0.0751287443916138,0.0744410021344667,0.12505406482765,0,0.025,0.00133383197821379,0.0329503789290774
0.719249128401175,0.528666666666667,0.553590621751119,0.64905143708187,0.608244974367914,0.7638268604501,0.79261324744681,1,0.880952380952381,0.900246806511594,0.757251037530915
0.866481954722192,0.998,0.854129893627448,0.81844920367413,0.817560739413691,0.89272609742855,0.79261324744681,1,0.825,0.988302192160595,0.929851512146448
0.775053636410938,0.886,0.813440578604537,0.796311944055401,0.795255706823415,0.817524925958544,0.79261324744681,1,0.85,0.954810666730998,0.837324987765532
0.185485622536093,0.241333333333333,0.212379811168531,0.218173950735354,0.128143868350466,0.183682957810734,0.12505406482765,0,0.175,0.0329400682161309,0.13453877427911
0.705106010654896,0.613333333333333,0.669573907739963,0.640654420948331,0.64121438180162,0.761124462285222,0.79261324744681,1,0.829268292682927,0.925592178033352,0.77015344567451
0.637209320164046,0.628666666666667,0.580420518461341,0.563104058445942,0.592723447709677,0.700306231902863,0.79261324744681,1,0.675,0.888119668182004,0.708478387078346
0.723606537014219,0.844666666666667,0.667451770843418,0.708837759229624,0.798732864671886,0.784610882323002,0.79261324744681,1,0.725,0.952616730388687,0.816955263292386
0.0628952152555101,0.107333333333333,0.130179310626053,0.0806337390129188,0.077108982562391,0.0767183139942293,0.12505406482765,0,0.025,0.00146130310156631,0.0346993615358476
0.821703604164175,0.988666666666667,0.775621304279111,0.823505097009664,0.816027826584845,0.858495046428785,0.79261324744681,1,0.875,0.978751278969859,0.889404219534398
0.877935620696527,0.942,0.831688118136835,0.830913376741106,0.818156927663057,0.89980432139528,0.79261324744681,1,0.825,0.989852279308695,0.936521317144841
0.07616123312743,0,0.0851988976824072,0.0883637951642393,0.085681780593188,0.0869586688497053,0.12505406482765,0,0.075,0.00208399135203574,0.0426311575031726
0.275775435395919,0.0393333333333333,0.249871067626043,0.279128443459641,0.161279724128973,0.270344424367724,0.12505406482765,0,0.25,0.0659303463135853,0.209801433347023
0.542296167118866,0.682666666666667,0.509183632085941,0.504524482637233,0.503259366069429,0.593511960585587,0.79261324744681,1,0.7,0.763990304613022,0.582911244574622
0.89831716565511,0.986,0.85221960026472,0.856119946261737,0.817963395946934,0.91213653837765,0.79261324744681,1,0.883720930232558,0.992276397520044,0.948121740203509
0.0726218891852871,0,0.0861546655345831,0.0856837385992779,0.08344046170113,0.0842177344572651,0.12505406482765,0,0.0731707317073171,0.00190993163049836,0.0404991548847654
0.939583519529301,1,0.910515067430651,0.892435826405947,0.810534223274809,0.936360587134992,0.79261324744681,1,0.926829268292683,0.996051403431976,0.970527989637847
0.0447366034732231,0.004,0.0827914412721457,0.0808768221005897,0.0646006974115556,0.0627663678459942,0.12505406482765,0,0.05,0.000755171999840916,0.0241171466562036
0.795125856966249,0.987333333333333,0.767964231388266,0.754722616520118,0.805770958812742,0.845776447397316,0.79261324744681,1,0.75,0.974860763325448,0.885858999357782
0.771970686400584,0.977333333333333,0.78462703765175,0.756829016003562,0.809188145099881,0.822396094038276,0.79261324744681,1,0.804878048780488,0.967479065091418,0.853647149958835
0.512636221495387,0.130666666666667,0.378083489127557,0.365141126474055,0.347457457565575,0.533663336057663,0.12505406482765,0,0.575,0.384146090024074,0.481026735162105
0.860421429999025,0.972,0.843390416220546,0.812369250630403,0.817069216402229,0.888933856743365,0.79261324744681,1,0.857142857142857,0.987422942835463,0.926278599258912
0.0963343104313005,0.002,0.0966778678953786,0.112629039783122,0.0978778343474955,0.10275059680372,0.12505406482765,0,0.075,0.00317440509344735,0.0549943916560282
0.473759646772317,0.396666666666667,0.422176798515034,0.428878133869035,0.460676271751317,0.535205814365396,0.79261324744681,1,0.6,0.726047839645284,0.547885731684539
0.265357075476377,0.55,0.241495339703866,0.354904310781819,0.197781470011301,0.292720765877957,0.348740416630885,0,0.463414634146341,0.214996079607466,0.278682965034507
0.0628952152555101,0.107333333333333,0.130179310626053,0.0806337390129188,0.077108982562391,0.0767183139942293,0.12505406482765,0,0.025,0.00146130310156631,0.0346993615358476
0.109434075814042,0.214666666666667,0.147966241079374,0.157359235622761,0.0955781362732905,0.116977885414726,0.12505406482765,0,0.13953488372093,0.0122950562659248,0.0755953590201574
0.814046739892906,0.737333333333333,0.757593151703608,0.812176293241614,0.815260209710786,0.85311376045207,0.79261324744681,1,0.875,0.977237698358256,0.884028122209317
0.0512176635884641,0.0186666666666667,0.0758742035894099,0.13648620660711,0.0650539577545659,0.0695553459424818,0.12505406482765,0,0.0952380952380952,0.00259180299484733,0.0335622541012484
0.771970686400584,0.977333333333333,0.78462703765175,0.756829016003562,0.809188145099881,0.822396094038276,0.79261324744681,1,0.804878048780488,0.967479065091418,0.853647149958835
0.218577612881845,0.543333333333333,0.231231883498778,0.244701142621653,0.140705249859602,0.214565257550755,0.12505406482765,0,0.19047619047619,0.04410401096476,0.161474849784846
0.23131827777031,0.214,0.254500674480697,0.317293454649138,0.264430971318858,0.244651664627699,0.79261324744681,1,0.3,0.176439066130282,0.225206345144953
0.0211996046519054,0,0.0666205538997795,0.152638462487605,0.0480569093735853,0.044193247896986,0.12505406482765,0,0.0487804878048781,0.000155416137008148,0.0109505940694558
0.831590316079898,0.936,0.868607635866319,0.851002896062813,0.797099249296221,0.860043021054744,0.79261324744681,1,0.925,0.970316541952887,0.882171783163783
0.0234415346850368,0,0.0666205538997795,0.133307326680185,0.0494872911931385,0.0460329341411134,0.12505406482765,0,0.05,0.000194406790898978,0.012172929026909
0.673260730918291,0.952666666666667,0.756504342493049,0.711421726926515,0.781476330913505,0.731964991876933,0.79261324744681,1,0.780487804878049,0.912302242054419,0.750853682081084
0.673260730918291,0.952666666666667,0.756504342493049,0.711421726926515,0.781476330913505,0.731964991876933,0.79261324744681,1,0.780487804878049,0.912302242054419,0.750853682081084
0.134497292991349,0.0813333333333333,0.152201848517584,0.181930616997599,0.064327750690113,0.142832460205599,0.12505406482765,0,0.25,0.00119444569783702,0.0875608883157768
0.246058651908814,0.0493333333333333,0.172372750056107,0.263058904500571,0.150717707911168,0.241006889312177,0.12505406482765,0,0.25,0.0542171383822547,0.184416209213341
0.110621847114826,0.142,0.19889974044471,0.139226480464459,0.10599616168225,0.114144694984863,0.12505406482765,0,0.0714285714285714,0.00403653731782573,0.0639616098515392
0.229624133122254,0.414,0.283479574890972,0.409072649499707,0.16430294005681,0.21720212564509,0.12505406482765,0,0.25,0.0132259522926134,0.145121893259581
0.641267576241033,0.589333333333333,0.530346072762244,0.572871930764609,0.564303258665788,0.692430112916332,0.79261324744681,1,0.780487804878049,0.851897347515297,0.681997296643183
0.856311011957562,0.994666666666667,0.864661504302541,0.874623547420167,0.818002571928079,0.882055823504097,0.79261324744681,1,0.902439024390244,0.984733843796325,0.913117947853157
0.172172940706774,0.00933333333333333,0.181005793192959,0.304008963470538,0.13759866150376,0.165590974094498,0.12505406482765,0,0.25,0.00841170249132881,0.104510211127733
0.489621983700418,0.514,0.478771301684535,0.423542304624739,0.432318937845201,0.539541558505512,0.348740416630885,0,0.511627906976744,0.594938057864523,0.516504527855599
0.680654731654707,0.756,0.618659062348357,0.672680521085831,0.786575278232112,0.748786841682404,0.79261324744681,1,0.7,0.935197469512068,0.782745611928687
0.684467649579049,0.916666666666667,0.751156943756258,0.717730214502391,0.783630610359711,0.741950726296313,0.79261324744681,1,0.775,0.9181477132303,0.760732424190387
0.67205674795594,0.494666666666667,0.643984433350078,0.601317882479543,0.618081566290621,0.732151047074939,0.79261324744681,1,0.75,0.908941948342463,0.740504360882709
0.116484746842396,0.33,0.230802512893883,0.395322579353432,0.099475742901604,0.126557850952044,0.12505406482765,0,0.30952380952381,0.0000000330257426743653,0.0577761284404014
0.556670918544008,0.725333333333333,0.641689302482352,0.599498112036998,0.675221342010544,0.597917244184948,0.348740416630885,0,0.609756097560976,0.369994844430682,0.53844083551546
0.218577612881845,0.543333333333333,0.231231883498778,0.244701142621653,0.140705249859602,0.214565257550755,0.12505406482765,0,0.19047619047619,0.04410401096476,0.161474849784846
0.528148206156124,0.502,0.517475445630888,0.459227672563763,0.474435397227838,0.580406818208328,0.348740416630885,0,0.585365853658537,0.649429135337912,0.556415825711258
0.819110786923161,0.788,0.770466794979818,0.776119767532264,0.811039467173945,0.862141938131621,0.79261324744681,1,0.775,0.98019861380906,0.901118043411475
0.743691092528158,0.93,0.757926312356147,0.727162890948065,0.803500608540864,0.800628982871395,0.79261324744681,1,0.707317073170732,0.959328119001235,0.832424876388542
0.170450942004674,0.112,0.143303406006781,0.205155422029415,0.122185449570594,0.170017309028925,0.12505406482765,0,0.219512195121951,0.0282688337141502,0.122553575782683
0.874265603840472,0.996,0.845877306703065,0.896881460467765,0.817926061601235,0.893815735585294,0.79261324744681,1,0.926829268292683,0.987342404695189,0.925041210668188
0.902917907552172,0.966666666666667,0.869861994357598,0.862096443133404,0.817659530002136,0.914878622600499,0.79261324744681,1,0.853658536585366,0.992768630211279,0.9506923766381
0.856311011957562,0.994666666666667,0.864661504302541,0.874623547420167,0.818002571928079,0.882055823504097,0.79261324744681,1,0.902439024390244,0.984733843796325,0.913117947853157
0.515320699716856,0.546666666666667,0.515742399244982,0.447860466408113,0.460467243241405,0.566905588896011,0.348740416630885,0,0.55,0.63185004284371,0.543167163287819
0.0753121406940362,0.0813333333333333,0.095435147022977,0.137880947525936,0.0783431626449214,0.0889127840011834,0.12505406482765,0,0.1,0.00583847447462611,0.0505948939756506
0.723606537014219,0.844666666666667,0.667451770843418,0.708837759229624,0.798732864671886,0.784610882323002,0.79261324744681,1,0.725,0.952616730388687,0.816955263292386
0.131142481344151,0.00133333333333333,0.0959724317432484,0.172501571960507,0.105575436880255,0.135404220828547,0.12505406482765,0,0.142857142857143,0.0173849103816265,0.0919846099419325
0.840849796414436,0.86,0.843101053208692,0.79454121823994,0.814750423017673,0.8764520083777,0.79261324744681,1,0.80952380952381,0.984282265613896,0.914533975812109
0.888533145905232,0.907333333333333,0.829152038962257,0.84361954515321,0.818275885326736,0.906256122559597,0.79261324744681,1,0.886363636363636,0.991163755868033,0.94259609919382
0.89831716565511,0.986,0.85221960026472,0.856119946261737,0.817963395946934,0.91213653837765,0.79261324744681,1,0.883720930232558,0.992276397520044,0.948121740203509
0.605071048345106,0.574,0.452772177344285,0.546045921432028,0.542793297388564,0.657240188030388,0.79261324744681,1,0.804878048780488,0.82368218800601,0.646200530363485
